Time	Open	High	Low	Close	TickVolume	Spread	RealVolume
2026.08.27 23:18:00	862.76000000	863.76000000	862.28000000	862.95000000	59	31	0
2026.08.27 23:19:00	862.78000000	862.85000000	860.37000000	860.86000000	56	31	0
2026.08.27 23:20:00	860.81000000	861.03000000	859.40000000	859.48000000	59	31	0
2026.08.27 23:21:00	859.48000000	860.98000000	858.77000000	860.98000000	60	31	0
2026.08.27 23:22:00	860.92000000	861.30000000	860.09000000	860.09000000	59	31	0
2026.08.27 23:23:00	860.03000000	862.27000000	859.81000000	861.74000000	59	31	0
2026.08.27 23:24:00	861.85000000	862.63000000	860.87000000	860.87000000	59	31	0
2026.08.27 23:25:00	860.77000000	860.77000000	859.22000000	859.87000000	60	31	0
2026.08.27 23:26:00	859.94000000	860.93000000	859.48000000	860.86000000	58	31	0
2026.08.27 23:27:00	860.78000000	862.48000000	860.78000000	861.72000000	60	31	0
2026.08.27 23:28:00	861.47000000	862.12000000	860.79000000	862.09000000	57	31	0
2026.08.27 23:29:00	862.14000000	862.62000000	861.24000000	862.13000000	60	31	0
2026.08.27 23:30:00	862.10000000	862.28000000	860.99000000	861.63000000	60	31	0
2026.08.27 23:31:00	861.59000000	864.65000000	861.41000000	864.24000000	58	31	0
2026.08.27 23:32:00	864.39000000	865.56000000	863.82000000	864.48000000	59	31	0
2026.08.27 23:33:00	864.27000000	864.27000000	862.86000000	863.87000000	58	31	0
2026.08.27 23:34:00	863.83000000	864.68000000	863.35000000	864.11000000	57	31	0
2026.08.27 23:35:00	864.20000000	864.50000000	863.10000000	864.04000000	59	31	0
2026.08.27 23:36:00	863.87000000	865.20000000	863.19000000	864.52000000	60	31	0
2026.08.27 23:37:00	864.33000000	865.30000000	864.04000000	864.78000000	59	31	0
2026.08.27 23:38:00	864.95000000	866.26000000	864.86000000	865.57000000	59	31	0
2026.08.27 23:39:00	865.80000000	865.95000000	865.02000000	865.43000000	56	31	0
2026.08.27 23:40:00	865.58000000	867.19000000	865.20000000	866.30000000	59	31	0
2026.08.27 23:41:00	866.35000000	868.45000000	866.14000000	868.38000000	60	31	0
2026.08.27 23:42:00	868.52000000	869.29000000	868.13000000	868.20000000	60	31	0
2026.08.27 23:43:00	868.45000000	868.45000000	866.68000000	866.68000000	60	31	0
2026.08.27 23:44:00	866.76000000	866.80000000	865.64000000	866.78000000	60	31	0
2026.08.27 23:45:00	866.75000000	868.92000000	866.69000000	868.52000000	59	31	0
2026.08.27 23:46:00	868.39000000	868.78000000	867.32000000	867.46000000	60	31	0
2026.08.27 23:47:00	867.53000000	868.94000000	867.29000000	868.85000000	59	31	0
2026.08.27 23:48:00	868.49000000	868.77000000	867.70000000	868.04000000	60	31	0
2026.08.27 23:49:00	868.37000000	870.76000000	868.37000000	869.74000000	59	31	0
2026.08.27 23:50:00	869.66000000	870.45000000	869.39000000	869.95000000	58	31	0
2026.08.27 23:51:00	869.72000000	869.72000000	867.64000000	868.19000000	59	31	0
2026.08.27 23:52:00	868.34000000	868.34000000	866.85000000	868.32000000	58	31	0
2026.08.27 23:53:00	868.42000000	868.42000000	866.04000000	866.04000000	58	31	0
2026.08.27 23:54:00	866.00000000	866.67000000	865.38000000	866.03000000	59	31	0
2026.08.27 23:55:00	865.93000000	866.23000000	863.60000000	863.89000000	59	31	0
2026.08.27 23:56:00	863.91000000	864.17000000	861.80000000	861.80000000	57	31	0
2026.08.27 23:57:00	861.55000000	862.16000000	861.28000000	861.59000000	57	31	0
2026.08.27 23:58:00	861.71000000	863.83000000	861.01000000	863.83000000	60	31	0
2026.08.27 23:59:00	864.07000000	864.07000000	862.14000000	862.41000000	58	31	0
2026.08.28 00:00:00	862.44000000	864.37000000	862.44000000	863.20000000	58	31	0
2026.08.28 00:01:00	863.15000000	863.34000000	862.11000000	862.35000000	60	31	0
2026.08.28 00:02:00	862.52000000	863.06000000	862.17000000	862.88000000	60	31	0
2026.08.28 00:03:00	863.20000000	863.20000000	861.02000000	861.59000000	58	31	0
2026.08.28 00:04:00	861.71000000	861.71000000	859.62000000	860.25000000	58	31	0
2026.08.28 00:05:00	860.37000000	860.63000000	858.19000000	859.93000000	58	31	0
2026.08.28 00:06:00	859.76000000	859.83000000	858.68000000	858.90000000	58	31	0
2026.08.28 00:07:00	859.18000000	859.59000000	858.37000000	858.64000000	59	31	0
2026.08.28 00:08:00	858.61000000	859.37000000	857.61000000	858.01000000	59	31	0
2026.08.28 00:09:00	858.06000000	860.99000000	857.98000000	860.23000000	59	31	0
2026.08.28 00:10:00	860.05000000	861.65000000	860.00000000	860.38000000	58	31	0
2026.08.28 00:11:00	860.17000000	861.33000000	859.83000000	859.83000000	58	31	0
2026.08.28 00:12:00	859.80000000	861.96000000	859.00000000	861.73000000	59	31	0
2026.08.28 00:13:00	861.54000000	862.20000000	860.90000000	861.76000000	57	31	0
2026.08.28 00:14:00	861.66000000	862.95000000	861.63000000	862.41000000	58	31	0
2026.08.28 00:15:00	862.56000000	862.56000000	859.81000000	860.25000000	60	31	0
2026.08.28 00:16:00	860.34000000	861.60000000	859.28000000	860.10000000	56	31	0
2026.08.28 00:17:00	859.95000000	859.95000000	857.84000000	858.15000000	59	31	0
2026.08.28 00:18:00	858.08000000	860.11000000	858.08000000	860.08000000	57	31	0
2026.08.28 00:19:00	860.07000000	861.67000000	859.75000000	861.28000000	59	31	0
2026.08.28 00:20:00	861.32000000	864.12000000	860.96000000	864.12000000	58	31	0
2026.08.28 00:21:00	864.09000000	866.39000000	863.16000000	866.03000000	60	31	0
2026.08.28 00:22:00	866.02000000	867.57000000	865.94000000	866.79000000	59	31	0
2026.08.28 00:23:00	867.21000000	869.80000000	867.21000000	869.72000000	59	31	0
2026.08.28 00:24:00	869.91000000	870.86000000	869.89000000	870.50000000	60	31	0
2026.08.28 00:25:00	870.67000000	872.15000000	870.62000000	871.44000000	58	31	0
2026.08.28 00:26:00	871.47000000	872.82000000	871.05000000	872.65000000	60	31	0
2026.08.28 00:27:00	872.78000000	872.92000000	869.80000000	869.80000000	60	31	0
2026.08.28 00:28:00	869.93000000	870.21000000	868.41000000	868.78000000	58	31	0
2026.08.28 00:29:00	868.88000000	868.92000000	867.80000000	868.39000000	58	31	0
2026.08.28 00:30:00	868.32000000	868.39000000	867.20000000	868.16000000	60	31	0
2026.08.28 00:31:00	868.25000000	868.33000000	866.30000000	866.30000000	60	31	0
2026.08.28 00:32:00	866.43000000	866.72000000	865.10000000	865.36000000	60	31	0
2026.08.28 00:33:00	865.45000000	865.45000000	863.91000000	863.91000000	60	31	0
2026.08.28 00:34:00	863.88000000	864.65000000	862.84000000	863.27000000	57	31	0
2026.08.28 00:35:00	863.22000000	863.79000000	862.56000000	863.33000000	59	31	0
2026.08.28 00:36:00	863.26000000	864.59000000	863.19000000	864.53000000	57	31	0
2026.08.28 00:37:00	864.50000000	864.60000000	862.40000000	862.79000000	58	31	0
2026.08.28 00:38:00	862.86000000	863.27000000	861.88000000	863.27000000	59	31	0
2026.08.28 00:39:00	863.22000000	864.47000000	863.05000000	863.84000000	57	31	0
2026.08.28 00:40:00	863.78000000	864.26000000	863.04000000	863.72000000	58	31	0
2026.08.28 00:41:00	863.54000000	863.77000000	862.56000000	863.12000000	60	31	0
2026.08.28 00:42:00	863.31000000	865.02000000	863.09000000	864.79000000	60	31	0
2026.08.28 00:43:00	864.83000000	865.54000000	863.48000000	864.44000000	59	31	0
2026.08.28 00:44:00	864.50000000	865.50000000	863.75000000	864.98000000	57	31	0
2026.08.28 00:45:00	865.13000000	866.35000000	864.88000000	866.31000000	59	31	0
2026.08.28 00:46:00	866.48000000	868.01000000	866.48000000	867.31000000	60	31	0
2026.08.28 00:47:00	867.31000000	867.55000000	866.11000000	866.11000000	60	31	0
2026.08.28 00:48:00	866.25000000	867.57000000	865.93000000	867.11000000	59	31	0
2026.08.28 00:49:00	867.08000000	867.73000000	866.29000000	866.77000000	58	31	0
2026.08.28 00:50:00	866.71000000	867.56000000	866.12000000	866.92000000	60	31	0
2026.08.28 00:51:00	866.94000000	868.53000000	866.87000000	868.05000000	58	31	0
2026.08.28 00:52:00	867.91000000	868.15000000	866.40000000	866.72000000	58	31	0
2026.08.28 00:53:00	866.44000000	867.07000000	865.18000000	866.81000000	57	31	0
2026.08.28 00:54:00	866.79000000	867.32000000	865.80000000	865.85000000	59	31	0
2026.08.28 00:55:00	865.57000000	865.67000000	864.11000000	864.66000000	57	31	0
2026.08.28 00:56:00	864.72000000	864.72000000	863.41000000	863.86000000	58	31	0
2026.08.28 00:57:00	863.97000000	863.97000000	861.66000000	861.98000000	58	31	0
2026.08.28 00:58:00	861.81000000	863.30000000	861.61000000	863.30000000	57	31	0
2026.08.28 00:59:00	863.42000000	863.71000000	861.88000000	862.94000000	58	31	0
2026.08.28 01:00:00	863.09000000	864.94000000	862.97000000	864.10000000	58	31	0
2026.08.28 01:01:00	864.07000000	865.16000000	863.79000000	864.36000000	56	31	0
2026.08.28 01:02:00	864.41000000	864.73000000	863.55000000	864.37000000	56	31	0
2026.08.28 01:03:00	864.38000000	865.51000000	864.03000000	864.68000000	59	31	0
2026.08.28 01:04:00	864.67000000	864.67000000	863.09000000	863.41000000	58	31	0
2026.08.28 01:05:00	863.50000000	863.74000000	862.31000000	862.79000000	58	31	0
2026.08.28 01:06:00	862.53000000	862.90000000	860.29000000	860.51000000	60	31	0
2026.08.28 01:07:00	860.52000000	862.43000000	860.52000000	861.91000000	58	31	0
2026.08.28 01:08:00	861.86000000	862.16000000	859.98000000	860.09000000	59	31	0
2026.08.28 01:09:00	859.73000000	861.96000000	859.48000000	861.68000000	60	31	0
2026.08.28 01:10:00	861.56000000	863.16000000	861.34000000	862.57000000	57	31	0
2026.08.28 01:11:00	862.80000000	865.11000000	862.49000000	864.97000000	57	31	0
2026.08.28 01:12:00	865.04000000	865.60000000	864.35000000	865.13000000	59	31	0
2026.08.28 01:13:00	864.85000000	867.51000000	864.72000000	867.28000000	59	31	0
2026.08.28 01:14:00	867.23000000	867.67000000	865.82000000	866.02000000	59	31	0
2026.08.28 01:15:00	865.87000000	865.87000000	864.43000000	864.50000000	57	31	0
2026.08.28 01:16:00	864.27000000	866.27000000	863.81000000	865.90000000	59	31	0
2026.08.28 01:17:00	866.08000000	866.71000000	864.75000000	864.98000000	60	31	0
2026.08.28 01:18:00	865.15000000	865.34000000	863.37000000	865.22000000	56	31	0
2026.08.28 01:19:00	865.29000000	865.56000000	863.81000000	864.00000000	58	31	0
2026.08.28 01:20:00	864.12000000	865.02000000	863.60000000	863.84000000	57	31	0
2026.08.28 01:21:00	863.74000000	864.98000000	863.74000000	864.49000000	55	31	0
2026.08.28 01:22:00	864.54000000	865.38000000	864.30000000	864.61000000	57	31	0
2026.08.28 01:23:00	864.38000000	864.98000000	862.36000000	862.52000000	57	31	0
2026.08.28 01:24:00	862.56000000	862.80000000	861.45000000	861.94000000	59	31	0
2026.08.28 01:25:00	862.05000000	862.81000000	861.53000000	862.66000000	59	31	0
2026.08.28 01:26:00	862.59000000	863.94000000	862.58000000	863.41000000	60	31	0
2026.08.28 01:27:00	863.56000000	864.50000000	862.55000000	864.28000000	58	31	0
2026.08.28 01:28:00	864.11000000	864.95000000	863.72000000	864.64000000	57	31	0
2026.08.28 01:29:00	864.80000000	864.85000000	862.80000000	863.09000000	59	31	0
2026.08.28 01:30:00	862.91000000	862.91000000	861.79000000	862.67000000	55	31	0
2026.08.28 01:31:00	862.80000000	865.31000000	862.75000000	864.89000000	59	31	0
2026.08.28 01:32:00	864.96000000	865.56000000	863.95000000	864.08000000	59	31	0
2026.08.28 01:33:00	864.24000000	864.42000000	861.89000000	862.50000000	59	31	0
2026.08.28 01:34:00	862.73000000	863.85000000	862.48000000	863.46000000	58	31	0
2026.08.28 01:35:00	863.69000000	864.62000000	863.61000000	864.62000000	57	31	0
2026.08.28 01:36:00	864.54000000	866.70000000	864.21000000	865.97000000	58	31	0
2026.08.28 01:37:00	865.94000000	866.37000000	865.28000000	865.87000000	57	31	0
2026.08.28 01:38:00	866.04000000	868.72000000	865.66000000	868.72000000	57	31	0
2026.08.28 01:39:00	868.81000000	869.86000000	868.60000000	868.84000000	58	31	0
2026.08.28 01:40:00	869.15000000	870.55000000	868.65000000	870.55000000	56	31	0
2026.08.28 01:41:00	870.55000000	871.54000000	870.05000000	870.40000000	54	31	0
2026.08.28 01:42:00	870.46000000	870.50000000	867.99000000	867.99000000	59	31	0
2026.08.28 01:43:00	868.38000000	869.33000000	867.98000000	869.14000000	59	31	0
2026.08.28 01:44:00	868.96000000	870.08000000	868.47000000	868.74000000	58	31	0
2026.08.28 01:45:00	868.64000000	869.00000000	867.93000000	867.98000000	60	31	0
2026.08.28 01:46:00	868.00000000	868.38000000	867.34000000	868.12000000	60	31	0
2026.08.28 01:47:00	868.12000000	868.12000000	864.62000000	864.79000000	58	31	0
2026.08.28 01:48:00	864.70000000	864.86000000	863.48000000	863.72000000	60	31	0
2026.08.28 01:49:00	863.81000000	863.95000000	861.74000000	862.51000000	60	31	0
2026.08.28 01:50:00	862.86000000	862.92000000	860.91000000	861.16000000	59	31	0
2026.08.28 01:51:00	861.04000000	861.50000000	860.32000000	860.62000000	59	31	0
2026.08.28 01:52:00	860.80000000	861.16000000	858.19000000	858.19000000	59	31	0
2026.08.28 01:53:00	858.01000000	858.03000000	856.38000000	857.17000000	57	31	0
2026.08.28 01:54:00	857.27000000	857.27000000	856.10000000	856.72000000	57	31	0
2026.08.28 01:55:00	856.80000000	857.90000000	856.77000000	857.32000000	60	31	0
2026.08.28 01:56:00	857.21000000	859.84000000	857.21000000	859.73000000	58	31	0
2026.08.28 01:57:00	859.95000000	861.45000000	859.68000000	860.92000000	57	31	0
2026.08.28 01:58:00	861.21000000	861.57000000	859.75000000	859.75000000	57	31	0
2026.08.28 01:59:00	859.70000000	859.86000000	858.57000000	858.57000000	55	31	0
2026.08.28 02:00:00	858.52000000	859.97000000	858.52000000	859.35000000	57	31	0
2026.08.28 02:01:00	859.33000000	859.59000000	858.53000000	859.59000000	58	31	0
2026.08.28 02:02:00	859.61000000	859.92000000	858.56000000	859.34000000	60	31	0
2026.08.28 02:03:00	859.37000000	860.41000000	858.51000000	860.18000000	59	31	0
2026.08.28 02:04:00	860.17000000	860.92000000	859.33000000	860.71000000	59	31	0
2026.08.28 02:05:00	860.73000000	862.47000000	860.55000000	861.83000000	55	31	0
2026.08.28 02:06:00	861.85000000	863.44000000	861.59000000	863.11000000	59	31	0
2026.08.28 02:07:00	863.34000000	863.78000000	862.41000000	863.71000000	59	31	0
2026.08.28 02:08:00	863.43000000	863.56000000	861.81000000	861.81000000	56	31	0
2026.08.28 02:09:00	861.73000000	861.73000000	859.96000000	861.33000000	59	31	0
2026.08.28 02:10:00	861.09000000	861.16000000	859.89000000	861.00000000	58	31	0
2026.08.28 02:11:00	861.20000000	862.44000000	861.20000000	861.78000000	58	31	0
2026.08.28 02:12:00	861.71000000	861.84000000	860.47000000	860.47000000	58	31	0
2026.08.28 02:13:00	860.61000000	860.70000000	858.87000000	859.39000000	60	31	0
2026.08.28 02:14:00	859.48000000	860.60000000	858.95000000	859.35000000	60	31	0
2026.08.28 02:15:00	859.41000000	860.95000000	859.35000000	859.60000000	58	31	0
2026.08.28 02:16:00	859.37000000	859.68000000	857.85000000	858.92000000	59	31	0
2026.08.28 02:17:00	858.98000000	862.19000000	858.72000000	861.96000000	60	31	0
2026.08.28 02:18:00	862.02000000	862.53000000	861.07000000	861.07000000	59	31	0
2026.08.28 02:19:00	861.09000000	861.76000000	859.70000000	859.95000000	59	31	0
2026.08.28 02:20:00	860.07000000	860.51000000	859.32000000	860.48000000	59	31	0
2026.08.28 02:21:00	860.44000000	860.86000000	859.03000000	859.38000000	59	31	0
2026.08.28 02:22:00	859.62000000	860.84000000	859.37000000	860.61000000	59	31	0
2026.08.28 02:23:00	860.60000000	860.60000000	858.98000000	858.98000000	56	31	0
2026.08.28 02:24:00	858.89000000	860.33000000	858.81000000	860.00000000	57	31	0
2026.08.28 02:25:00	860.16000000	861.42000000	859.91000000	860.87000000	60	31	0
2026.08.28 02:26:00	860.89000000	861.63000000	860.38000000	860.74000000	59	31	0
2026.08.28 02:27:00	860.46000000	861.00000000	859.33000000	859.57000000	60	31	0
2026.08.28 02:28:00	859.78000000	859.88000000	858.55000000	858.88000000	59	31	0
2026.08.28 02:29:00	859.24000000	859.35000000	857.65000000	857.73000000	60	31	0
2026.08.28 02:30:00	857.73000000	857.73000000	855.40000000	856.03000000	60	31	0
2026.08.28 02:31:00	856.10000000	856.57000000	855.26000000	856.57000000	59	31	0
2026.08.28 02:32:00	856.63000000	856.63000000	854.44000000	855.86000000	59	31	0
2026.08.28 02:33:00	855.95000000	857.30000000	855.90000000	856.33000000	58	31	0
2026.08.28 02:34:00	856.29000000	856.85000000	856.01000000	856.41000000	57	31	0
2026.08.28 02:35:00	856.22000000	856.22000000	854.67000000	855.49000000	59	31	0
2026.08.28 02:36:00	855.22000000	857.00000000	855.07000000	856.46000000	60	31	0
2026.08.28 02:37:00	856.53000000	856.65000000	855.13000000	855.37000000	57	31	0
2026.08.28 02:38:00	855.46000000	856.25000000	854.35000000	854.71000000	60	31	0
2026.08.28 02:39:00	854.81000000	854.88000000	852.65000000	852.82000000	58	31	0
2026.08.28 02:40:00	852.88000000	854.25000000	852.88000000	853.62000000	58	31	0
2026.08.28 02:41:00	853.33000000	854.04000000	852.16000000	854.04000000	59	31	0
2026.08.28 02:42:00	854.18000000	854.87000000	853.27000000	853.72000000	60	31	0
2026.08.28 02:43:00	853.80000000	854.91000000	853.54000000	854.37000000	59	31	0
2026.08.28 02:44:00	854.60000000	854.77000000	853.40000000	854.54000000	59	31	0
2026.08.28 02:45:00	854.35000000	854.60000000	853.37000000	853.66000000	58	31	0
2026.08.28 02:46:00	853.76000000	854.42000000	853.43000000	854.28000000	59	31	0
2026.08.28 02:47:00	854.57000000	855.13000000	852.71000000	853.89000000	60	31	0
2026.08.28 02:48:00	853.98000000	854.10000000	852.47000000	853.02000000	58	31	0
2026.08.28 02:49:00	852.91000000	855.22000000	852.59000000	855.03000000	59	31	0
2026.08.28 02:50:00	854.87000000	855.71000000	854.64000000	854.64000000	57	31	0
2026.08.28 02:51:00	854.86000000	854.86000000	852.11000000	852.11000000	60	31	0
2026.08.28 02:52:00	851.96000000	853.29000000	851.50000000	852.40000000	56	31	0
2026.08.28 02:53:00	852.57000000	853.51000000	851.44000000	853.07000000	59	31	0
2026.08.28 02:54:00	853.10000000	853.79000000	852.60000000	853.22000000	57	31	0
2026.08.28 02:55:00	853.18000000	854.44000000	852.41000000	853.93000000	59	31	0
2026.08.28 02:56:00	853.85000000	855.05000000	853.56000000	854.41000000	56	31	0
2026.08.28 02:57:00	854.46000000	854.98000000	853.63000000	854.25000000	59	31	0
2026.08.28 02:58:00	854.22000000	855.02000000	854.00000000	855.02000000	59	31	0
2026.08.28 02:59:00	854.83000000	855.56000000	854.43000000	854.54000000	58	31	0
2026.08.28 03:00:00	854.70000000	856.41000000	853.66000000	856.41000000	58	31	0
2026.08.28 03:01:00	856.23000000	856.37000000	855.09000000	855.77000000	58	31	0
2026.08.28 03:02:00	855.72000000	856.22000000	855.41000000	856.04000000	58	31	0
2026.08.28 03:03:00	855.58000000	855.67000000	854.11000000	854.37000000	60	31	0
2026.08.28 03:04:00	854.35000000	855.48000000	853.78000000	855.48000000	59	31	0
2026.08.28 03:05:00	855.65000000	856.92000000	854.71000000	855.64000000	57	31	0
2026.08.28 03:06:00	855.77000000	856.53000000	855.51000000	855.77000000	58	31	0
2026.08.28 03:07:00	855.92000000	856.96000000	855.66000000	855.77000000	58	31	0
2026.08.28 03:08:00	855.87000000	857.84000000	855.70000000	857.73000000	58	31	0
2026.08.28 03:09:00	857.57000000	857.82000000	857.18000000	857.51000000	57	31	0
2026.08.28 03:10:00	857.46000000	857.46000000	855.53000000	857.02000000	58	31	0
2026.08.28 03:11:00	857.01000000	857.45000000	856.47000000	856.93000000	59	31	0
2026.08.28 03:12:00	856.88000000	857.62000000	856.25000000	856.25000000	56	31	0
2026.08.28 03:13:00	856.30000000	856.71000000	855.51000000	855.51000000	57	31	0
2026.08.28 03:14:00	855.64000000	856.49000000	855.05000000	856.16000000	59	31	0
2026.08.28 03:15:00	855.91000000	856.08000000	854.96000000	855.19000000	59	31	0
2026.08.28 03:16:00	855.15000000	855.28000000	854.32000000	854.80000000	57	31	0
2026.08.28 03:17:00	854.89000000	855.25000000	853.97000000	854.90000000	59	31	0
2026.08.28 03:18:00	854.94000000	855.34000000	853.05000000	853.27000000	57	31	0
2026.08.28 03:19:00	853.24000000	853.24000000	852.17000000	852.57000000	59	31	0
2026.08.28 03:20:00	852.52000000	852.96000000	851.91000000	851.91000000	54	31	0
2026.08.28 03:21:00	851.59000000	851.68000000	848.01000000	848.01000000	60	31	0
2026.08.28 03:22:00	847.99000000	848.07000000	847.00000000	847.88000000	58	31	0
2026.08.28 03:23:00	847.79000000	848.69000000	847.23000000	848.69000000	60	31	0
2026.08.28 03:24:00	848.87000000	849.50000000	848.04000000	848.89000000	59	31	0
2026.08.28 03:25:00	849.08000000	849.08000000	847.22000000	848.91000000	58	31	0
2026.08.28 03:26:00	849.06000000	849.06000000	846.99000000	848.40000000	59	31	0
2026.08.28 03:27:00	848.50000000	848.70000000	847.20000000	847.86000000	60	31	0
2026.08.28 03:28:00	847.82000000	848.79000000	847.37000000	848.60000000	60	31	0
2026.08.28 03:29:00	848.39000000	849.26000000	847.80000000	848.72000000	58	31	0
2026.08.28 03:30:00	848.66000000	849.78000000	848.27000000	849.48000000	60	31	0
2026.08.28 03:31:00	849.59000000	849.89000000	847.47000000	847.65000000	57	31	0
2026.08.28 03:32:00	847.77000000	848.84000000	846.90000000	848.81000000	59	31	0
2026.08.28 03:33:00	848.76000000	850.53000000	848.51000000	850.36000000	59	31	0
2026.08.28 03:34:00	850.44000000	850.80000000	849.81000000	850.16000000	60	31	0
2026.08.28 03:35:00	850.11000000	850.37000000	849.35000000	849.84000000	60	31	0
2026.08.28 03:36:00	849.86000000	851.46000000	849.72000000	851.27000000	59	31	0
2026.08.28 03:37:00	851.34000000	851.40000000	850.03000000	851.06000000	57	31	0
2026.08.28 03:38:00	851.11000000	852.26000000	850.89000000	851.53000000	58	31	0
2026.08.28 03:39:00	851.61000000	851.91000000	850.42000000	851.00000000	58	31	0
2026.08.28 03:40:00	851.22000000	852.04000000	850.21000000	852.04000000	57	31	0
2026.08.28 03:41:00	851.95000000	852.47000000	851.14000000	851.48000000	56	31	0
2026.08.28 03:42:00	851.55000000	852.10000000	850.39000000	850.43000000	59	31	0
2026.08.28 03:43:00	850.85000000	850.87000000	848.97000000	849.58000000	60	31	0
2026.08.28 03:44:00	849.59000000	851.67000000	849.48000000	851.53000000	60	31	0
2026.08.28 03:45:00	851.76000000	852.25000000	849.91000000	850.01000000	58	31	0
2026.08.28 03:46:00	850.13000000	850.35000000	849.55000000	849.78000000	60	31	0
2026.08.28 03:47:00	849.87000000	851.06000000	849.58000000	850.95000000	59	31	0
2026.08.28 03:48:00	850.98000000	851.60000000	850.49000000	850.92000000	56	31	0
2026.08.28 03:49:00	850.86000000	851.27000000	850.35000000	851.07000000	59	31	0
2026.08.28 03:50:00	850.68000000	850.68000000	847.98000000	848.40000000	58	31	0
2026.08.28 03:51:00	848.39000000	848.39000000	846.98000000	847.88000000	56	31	0
2026.08.28 03:52:00	847.77000000	848.79000000	847.77000000	847.92000000	60	31	0
2026.08.28 03:53:00	847.91000000	848.86000000	847.87000000	848.36000000	57	31	0
2026.08.28 03:54:00	848.67000000	849.04000000	847.64000000	848.35000000	59	31	0
2026.08.28 03:55:00	848.19000000	848.19000000	845.94000000	846.50000000	57	31	0
2026.08.28 03:56:00	846.56000000	847.68000000	846.35000000	847.63000000	58	31	0
2026.08.28 03:57:00	847.40000000	848.26000000	845.77000000	845.83000000	59	31	0
2026.08.28 03:58:00	845.68000000	846.25000000	844.90000000	845.30000000	57	31	0
2026.08.28 03:59:00	845.41000000	846.39000000	844.68000000	846.34000000	56	31	0
2026.08.28 04:00:00	846.07000000	846.07000000	844.75000000	844.80000000	58	31	0
2026.08.28 04:01:00	844.91000000	845.71000000	843.53000000	843.53000000	60	31	0
2026.08.28 04:02:00	843.45000000	845.51000000	843.45000000	845.51000000	56	31	0
2026.08.28 04:03:00	845.55000000	846.02000000	844.23000000	844.87000000	58	31	0
2026.08.28 04:04:00	844.77000000	845.71000000	844.36000000	845.71000000	60	31	0
2026.08.28 04:05:00	845.76000000	847.32000000	845.25000000	847.23000000	54	31	0
2026.08.28 04:06:00	847.26000000	848.00000000	846.61000000	847.05000000	59	31	0
2026.08.28 04:07:00	846.76000000	848.61000000	846.76000000	847.83000000	59	31	0
2026.08.28 04:08:00	847.93000000	849.14000000	847.18000000	849.14000000	60	31	0
2026.08.28 04:09:00	849.21000000	849.84000000	848.52000000	848.52000000	58	31	0
2026.08.28 04:10:00	848.47000000	849.90000000	848.26000000	848.76000000	56	31	0
2026.08.28 04:11:00	848.58000000	849.93000000	848.58000000	849.93000000	60	31	0
2026.08.28 04:12:00	849.89000000	850.37000000	849.21000000	849.96000000	58	31	0
2026.08.28 04:13:00	849.93000000	850.64000000	848.99000000	850.48000000	60	31	0
2026.08.28 04:14:00	850.31000000	850.58000000	848.69000000	848.69000000	56	31	0
2026.08.28 04:15:00	848.64000000	849.35000000	847.75000000	847.99000000	59	31	0
2026.08.28 04:16:00	847.84000000	848.90000000	847.58000000	848.29000000	60	31	0
2026.08.28 04:17:00	848.11000000	848.65000000	847.33000000	848.22000000	59	31	0
2026.08.28 04:18:00	848.08000000	848.52000000	846.92000000	847.31000000	60	31	0
2026.08.28 04:19:00	847.59000000	848.54000000	846.65000000	847.71000000	58	31	0
2026.08.28 04:20:00	847.36000000	847.66000000	845.69000000	846.81000000	59	31	0
2026.08.28 04:21:00	846.96000000	847.52000000	846.38000000	846.39000000	59	31	0
2026.08.28 04:22:00	846.22000000	848.09000000	846.13000000	846.83000000	59	31	0
2026.08.28 04:23:00	846.64000000	848.38000000	845.53000000	848.38000000	59	31	0
2026.08.28 04:24:00	848.38000000	849.10000000	847.96000000	848.96000000	58	31	0
2026.08.28 04:25:00	848.63000000	850.81000000	848.00000000	850.81000000	58	31	0
2026.08.28 04:26:00	850.82000000	851.27000000	850.00000000	850.51000000	59	31	0
2026.08.28 04:27:00	850.55000000	851.53000000	850.04000000	850.06000000	59	31	0
2026.08.28 04:28:00	850.52000000	851.10000000	849.71000000	850.45000000	59	31	0
2026.08.28 04:29:00	850.45000000	851.26000000	849.59000000	850.44000000	58	31	0
2026.08.28 04:30:00	850.57000000	850.57000000	848.94000000	849.20000000	57	31	0
2026.08.28 04:31:00	849.10000000	849.94000000	849.03000000	849.53000000	59	31	0
2026.08.28 04:32:00	849.59000000	851.33000000	849.59000000	850.18000000	58	31	0
2026.08.28 04:33:00	849.97000000	851.11000000	849.51000000	850.62000000	60	31	0
2026.08.28 04:34:00	850.65000000	850.98000000	849.25000000	849.95000000	58	31	0
2026.08.28 04:35:00	849.75000000	849.81000000	848.58000000	849.15000000	55	31	0
2026.08.28 04:36:00	849.14000000	849.48000000	848.58000000	848.60000000	60	31	0
2026.08.28 04:37:00	848.68000000	848.85000000	847.89000000	848.33000000	59	31	0
2026.08.28 04:38:00	848.40000000	849.03000000	846.69000000	848.07000000	59	31	0
2026.08.28 04:39:00	848.18000000	850.32000000	848.18000000	850.20000000	58	31	0
2026.08.28 04:40:00	850.13000000	850.52000000	849.10000000	850.04000000	59	31	0
2026.08.28 04:41:00	850.22000000	851.02000000	849.04000000	849.60000000	59	31	0
2026.08.28 04:42:00	849.40000000	850.19000000	849.05000000	850.19000000	53	31	0
2026.08.28 04:43:00	850.15000000	851.14000000	850.04000000	850.30000000	59	31	0
2026.08.28 04:44:00	850.30000000	850.92000000	848.81000000	849.18000000	57	31	0
2026.08.28 04:45:00	849.40000000	850.10000000	849.16000000	849.51000000	59	31	0
2026.08.28 04:46:00	849.52000000	850.94000000	849.28000000	850.55000000	59	31	0
2026.08.28 04:47:00	850.85000000	851.63000000	850.32000000	850.81000000	58	31	0
2026.08.28 04:48:00	850.48000000	852.02000000	850.14000000	851.17000000	57	31	0
2026.08.28 04:49:00	851.03000000	852.45000000	850.92000000	852.28000000	59	31	0
2026.08.28 04:50:00	852.33000000	852.34000000	850.65000000	850.91000000	55	31	0
2026.08.28 04:51:00	850.77000000	851.57000000	850.20000000	851.52000000	59	31	0
2026.08.28 04:52:00	851.47000000	853.55000000	851.47000000	852.67000000	60	31	0
2026.08.28 04:53:00	852.49000000	853.28000000	851.48000000	853.26000000	59	31	0
2026.08.28 04:54:00	853.40000000	853.53000000	852.35000000	852.78000000	59	31	0
2026.08.28 04:55:00	853.03000000	854.14000000	852.96000000	853.84000000	60	31	0
2026.08.28 04:56:00	853.87000000	853.87000000	851.40000000	852.28000000	59	31	0
2026.08.28 04:57:00	852.24000000	852.81000000	851.69000000	851.76000000	57	31	0
2026.08.28 04:58:00	852.02000000	852.32000000	848.98000000	849.11000000	59	31	0
2026.08.28 04:59:00	849.09000000	849.65000000	848.16000000	848.90000000	58	31	0
2026.08.28 05:00:00	848.81000000	850.10000000	848.12000000	848.88000000	59	31	0
2026.08.28 05:01:00	848.94000000	850.12000000	848.70000000	849.67000000	58	31	0
2026.08.28 05:02:00	849.54000000	849.65000000	848.92000000	849.06000000	60	31	0
2026.08.28 05:03:00	849.03000000	850.03000000	848.79000000	848.92000000	59	31	0
2026.08.28 05:04:00	849.04000000	849.24000000	848.08000000	848.71000000	59	31	0
2026.08.28 05:05:00	848.77000000	850.10000000	848.47000000	848.47000000	60	31	0
2026.08.28 05:06:00	848.25000000	848.25000000	846.12000000	846.30000000	59	31	0
2026.08.28 05:07:00	846.23000000	846.76000000	845.83000000	846.66000000	58	31	0
2026.08.28 05:08:00	846.55000000	847.55000000	846.40000000	847.05000000	57	31	0
2026.08.28 05:09:00	846.88000000	847.57000000	846.36000000	846.51000000	56	31	0
2026.08.28 05:10:00	846.49000000	847.15000000	845.98000000	846.16000000	56	31	0
2026.08.28 05:11:00	845.79000000	847.10000000	845.79000000	846.21000000	59	31	0
2026.08.28 05:12:00	846.11000000	847.53000000	845.47000000	847.53000000	59	31	0
2026.08.28 05:13:00	847.50000000	848.54000000	846.69000000	848.19000000	59	31	0
2026.08.28 05:14:00	847.99000000	848.51000000	846.66000000	846.79000000	60	31	0
2026.08.28 05:15:00	846.80000000	846.91000000	845.01000000	845.14000000	60	31	0
2026.08.28 05:16:00	844.89000000	845.88000000	844.61000000	845.04000000	55	31	0
2026.08.28 05:17:00	844.93000000	847.58000000	844.93000000	847.50000000	58	31	0
2026.08.28 05:18:00	847.48000000	848.88000000	846.77000000	847.07000000	60	31	0
2026.08.28 05:19:00	847.00000000	848.42000000	846.88000000	848.28000000	58	31	0
2026.08.28 05:20:00	848.23000000	848.74000000	847.45000000	848.07000000	59	31	0
2026.08.28 05:21:00	848.05000000	848.65000000	846.80000000	847.00000000	60	31	0
2026.08.28 05:22:00	846.93000000	847.21000000	845.98000000	845.98000000	59	31	0
2026.08.28 05:23:00	845.90000000	846.66000000	844.78000000	845.24000000	60	31	0
2026.08.28 05:24:00	845.37000000	845.60000000	844.34000000	845.27000000	58	31	0
2026.08.28 05:25:00	845.18000000	846.59000000	845.18000000	845.30000000	59	31	0
2026.08.28 05:26:00	845.23000000	845.48000000	843.75000000	845.23000000	59	31	0
2026.08.28 05:27:00	845.25000000	845.25000000	843.70000000	844.31000000	60	31	0
2026.08.28 05:28:00	844.52000000	845.25000000	843.31000000	843.40000000	60	31	0
2026.08.28 05:29:00	843.38000000	844.38000000	842.92000000	843.12000000	59	31	0
2026.08.28 05:30:00	842.95000000	844.61000000	842.50000000	844.11000000	59	31	0
2026.08.28 05:31:00	844.21000000	845.76000000	843.88000000	844.20000000	59	31	0
2026.08.28 05:32:00	844.39000000	844.73000000	843.57000000	844.12000000	58	31	0
2026.08.28 05:33:00	844.08000000	844.08000000	842.59000000	843.60000000	59	31	0
2026.08.28 05:34:00	843.36000000	843.42000000	841.66000000	842.61000000	59	31	0
2026.08.28 05:35:00	842.65000000	843.52000000	842.29000000	843.52000000	58	31	0
2026.08.28 05:36:00	843.54000000	843.98000000	842.51000000	843.57000000	59	31	0
2026.08.28 05:37:00	843.78000000	843.88000000	842.43000000	842.69000000	57	31	0
2026.08.28 05:38:00	842.69000000	842.71000000	840.66000000	840.66000000	59	31	0
2026.08.28 05:39:00	840.96000000	841.47000000	839.48000000	840.39000000	60	31	0
2026.08.28 05:40:00	840.53000000	842.20000000	840.38000000	841.53000000	59	31	0
2026.08.28 05:41:00	841.76000000	841.76000000	840.19000000	841.43000000	58	31	0
2026.08.28 05:42:00	841.34000000	842.70000000	841.20000000	841.83000000	59	31	0
2026.08.28 05:43:00	841.63000000	842.86000000	840.91000000	842.76000000	57	31	0
2026.08.28 05:44:00	842.73000000	845.32000000	842.23000000	844.62000000	58	31	0
2026.08.28 05:45:00	844.82000000	845.74000000	844.38000000	845.31000000	57	31	0
2026.08.28 05:46:00	845.13000000	846.03000000	844.84000000	845.60000000	58	31	0
2026.08.28 05:47:00	845.69000000	846.68000000	845.56000000	845.76000000	57	31	0
2026.08.28 05:48:00	845.87000000	847.61000000	845.87000000	847.55000000	56	31	0
2026.08.28 05:49:00	847.51000000	848.71000000	847.39000000	847.39000000	58	31	0
2026.08.28 05:50:00	847.38000000	848.60000000	846.72000000	846.74000000	60	31	0
2026.08.28 05:51:00	846.82000000	846.82000000	844.94000000	845.06000000	59	31	0
2026.08.28 05:52:00	844.95000000	845.36000000	843.22000000	843.25000000	59	31	0
2026.08.28 05:53:00	843.17000000	845.33000000	842.93000000	844.81000000	58	31	0
2026.08.28 05:54:00	844.85000000	845.78000000	844.56000000	845.50000000	60	31	0
2026.08.28 05:55:00	845.66000000	846.91000000	845.60000000	846.52000000	57	31	0
2026.08.28 05:56:00	846.19000000	848.17000000	846.06000000	846.53000000	55	31	0
2026.08.28 05:57:00	846.36000000	847.92000000	846.15000000	847.21000000	60	31	0
2026.08.28 05:58:00	847.21000000	847.52000000	845.90000000	846.34000000	58	31	0
2026.08.28 05:59:00	846.27000000	846.49000000	845.45000000	846.42000000	59	31	0
2026.08.28 06:00:00	846.40000000	848.71000000	846.23000000	848.52000000	60	31	0
2026.08.28 06:01:00	848.48000000	849.06000000	847.57000000	848.40000000	58	31	0
2026.08.28 06:02:00	848.17000000	849.89000000	848.17000000	849.73000000	59	31	0
2026.08.28 06:03:00	849.56000000	850.24000000	848.64000000	849.45000000	60	31	0
2026.08.28 06:04:00	849.22000000	849.88000000	848.05000000	849.32000000	60	31	0
2026.08.28 06:05:00	849.41000000	850.03000000	848.17000000	848.66000000	59	31	0
2026.08.28 06:06:00	848.58000000	848.67000000	846.04000000	847.01000000	59	31	0
2026.08.28 06:07:00	847.06000000	847.98000000	846.97000000	847.07000000	57	31	0
2026.08.28 06:08:00	847.12000000	847.50000000	846.06000000	847.00000000	59	31	0
2026.08.28 06:09:00	847.14000000	847.61000000	846.28000000	846.70000000	59	31	0
2026.08.28 06:10:00	846.68000000	850.14000000	846.68000000	850.14000000	58	31	0
2026.08.28 06:11:00	850.19000000	850.85000000	850.03000000	850.54000000	58	31	0
2026.08.28 06:12:00	850.66000000	851.72000000	849.94000000	851.60000000	59	31	0
2026.08.28 06:13:00	851.33000000	851.71000000	850.76000000	851.53000000	59	31	0
2026.08.28 06:14:00	851.25000000	853.12000000	850.97000000	851.26000000	57	31	0
2026.08.28 06:15:00	851.21000000	853.59000000	851.19000000	853.46000000	60	31	0
2026.08.28 06:16:00	853.21000000	853.71000000	851.57000000	852.43000000	59	31	0
2026.08.28 06:17:00	852.32000000	852.32000000	850.73000000	851.05000000	59	31	0
2026.08.28 06:18:00	851.01000000	852.26000000	850.51000000	851.14000000	60	31	0
2026.08.28 06:19:00	851.01000000	854.58000000	851.01000000	854.34000000	58	31	0
2026.08.28 06:20:00	854.19000000	855.73000000	853.92000000	855.27000000	59	31	0
2026.08.28 06:21:00	855.39000000	857.21000000	854.63000000	857.08000000	59	31	0
2026.08.28 06:22:00	857.36000000	858.08000000	856.44000000	857.10000000	57	31	0
2026.08.28 06:23:00	857.05000000	858.49000000	857.05000000	858.19000000	59	31	0
2026.08.28 06:24:00	858.15000000	858.99000000	857.52000000	858.55000000	58	31	0
2026.08.28 06:25:00	858.70000000	859.02000000	857.64000000	857.64000000	58	31	0
2026.08.28 06:26:00	857.70000000	858.06000000	856.71000000	857.36000000	58	31	0
2026.08.28 06:27:00	857.16000000	859.70000000	857.12000000	859.05000000	59	31	0
2026.08.28 06:28:00	858.94000000	859.48000000	857.81000000	858.24000000	59	31	0
2026.08.28 06:29:00	858.28000000	860.29000000	858.14000000	859.01000000	59	31	0
2026.08.28 06:30:00	859.08000000	860.06000000	857.68000000	857.83000000	59	31	0
2026.08.28 06:31:00	858.02000000	860.12000000	858.02000000	859.61000000	59	31	0
2026.08.28 06:32:00	859.43000000	861.25000000	859.43000000	860.35000000	59	31	0
2026.08.28 06:33:00	860.21000000	861.59000000	859.67000000	861.24000000	59	31	0
2026.08.28 06:34:00	861.20000000	861.95000000	860.70000000	861.94000000	58	31	0
2026.08.28 06:35:00	861.83000000	862.88000000	861.79000000	862.88000000	60	31	0
2026.08.28 06:36:00	863.00000000	866.83000000	862.94000000	866.39000000	59	31	0
2026.08.28 06:37:00	866.35000000	866.35000000	865.06000000	865.60000000	59	31	0
2026.08.28 06:38:00	865.53000000	865.63000000	863.83000000	863.83000000	59	31	0
2026.08.28 06:39:00	863.92000000	864.44000000	863.41000000	864.41000000	58	31	0
2026.08.28 06:40:00	864.57000000	865.50000000	864.18000000	864.78000000	58	31	0
2026.08.28 06:41:00	864.95000000	866.28000000	864.13000000	866.23000000	60	31	0
2026.08.28 06:42:00	866.31000000	866.72000000	865.31000000	865.31000000	59	31	0
2026.08.28 06:43:00	865.13000000	865.32000000	864.11000000	864.44000000	59	31	0
2026.08.28 06:44:00	864.23000000	864.67000000	863.64000000	864.61000000	56	31	0
2026.08.28 06:45:00	864.65000000	866.53000000	864.12000000	866.53000000	60	31	0
2026.08.28 06:46:00	866.67000000	867.53000000	866.13000000	866.36000000	58	31	0
2026.08.28 06:47:00	866.48000000	867.81000000	866.18000000	867.42000000	60	31	0
2026.08.28 06:48:00	867.61000000	868.18000000	866.11000000	866.18000000	59	31	0
2026.08.28 06:49:00	866.30000000	867.21000000	865.87000000	866.27000000	59	31	0
2026.08.28 06:50:00	866.21000000	868.15000000	866.08000000	868.04000000	58	31	0
2026.08.28 06:51:00	868.13000000	868.72000000	867.68000000	868.09000000	56	31	0
2026.08.28 06:52:00	868.27000000	870.83000000	868.27000000	870.48000000	57	31	0
2026.08.28 06:53:00	870.45000000	871.26000000	869.79000000	871.18000000	59	31	0
2026.08.28 06:54:00	871.23000000	871.25000000	869.67000000	870.36000000	58	31	0
2026.08.28 06:55:00	870.26000000	870.99000000	869.76000000	870.10000000	58	31	0
2026.08.28 06:56:00	870.02000000	870.03000000	867.81000000	868.05000000	58	31	0
2026.08.28 06:57:00	868.00000000	868.66000000	867.14000000	868.25000000	60	31	0
2026.08.28 06:58:00	868.04000000	869.76000000	868.02000000	868.76000000	60	31	0
2026.08.28 06:59:00	868.60000000	868.65000000	865.66000000	865.66000000	60	31	0
2026.08.28 07:00:00	865.65000000	866.82000000	865.15000000	866.23000000	58	31	0
2026.08.28 07:01:00	866.31000000	866.77000000	865.08000000	865.40000000	58	31	0
2026.08.28 07:02:00	865.50000000	865.76000000	863.96000000	864.41000000	58	31	0
2026.08.28 07:03:00	864.40000000	864.88000000	863.71000000	864.05000000	57	31	0
2026.08.28 07:04:00	863.94000000	865.03000000	863.77000000	864.21000000	56	31	0
2026.08.28 07:05:00	864.33000000	864.73000000	863.42000000	863.63000000	60	31	0
2026.08.28 07:06:00	863.87000000	865.79000000	863.76000000	865.51000000	58	31	0
2026.08.28 07:07:00	865.59000000	865.86000000	864.71000000	865.33000000	59	31	0
2026.08.28 07:08:00	865.40000000	866.36000000	863.72000000	863.79000000	57	31	0
2026.08.28 07:09:00	863.75000000	863.80000000	862.03000000	862.17000000	58	31	0
2026.08.28 07:10:00	862.17000000	862.98000000	861.38000000	862.76000000	58	31	0
2026.08.28 07:11:00	862.62000000	864.29000000	862.41000000	864.29000000	59	31	0
2026.08.28 07:12:00	864.26000000	865.27000000	864.26000000	864.96000000	58	31	0
2026.08.28 07:13:00	864.69000000	864.69000000	862.66000000	862.91000000	58	31	0
2026.08.28 07:14:00	863.08000000	865.02000000	862.80000000	864.94000000	58	31	0
2026.08.28 07:15:00	864.93000000	867.03000000	864.92000000	866.33000000	59	31	0
2026.08.28 07:16:00	866.12000000	867.50000000	865.81000000	867.38000000	60	31	0
2026.08.28 07:17:00	867.57000000	867.57000000	866.18000000	866.53000000	60	31	0
2026.08.28 07:18:00	866.64000000	867.77000000	866.38000000	867.74000000	60	31	0
2026.08.28 07:19:00	867.85000000	869.71000000	867.85000000	869.44000000	57	31	0
2026.08.28 07:20:00	869.71000000	872.82000000	869.45000000	872.38000000	57	31	0
2026.08.28 07:21:00	872.23000000	872.59000000	869.86000000	870.05000000	59	31	0
2026.08.28 07:22:00	869.75000000	870.44000000	868.77000000	869.92000000	59	31	0
2026.08.28 07:23:00	870.26000000	870.95000000	870.04000000	870.28000000	56	31	0
2026.08.28 07:24:00	870.16000000	871.41000000	869.90000000	870.89000000	59	31	0
2026.08.28 07:25:00	870.85000000	872.18000000	870.85000000	872.01000000	60	31	0
2026.08.28 07:26:00	872.19000000	872.26000000	870.78000000	871.19000000	58	31	0
2026.08.28 07:27:00	871.14000000	871.44000000	869.96000000	870.49000000	59	31	0
2026.08.28 07:28:00	870.35000000	871.59000000	869.70000000	869.70000000	59	31	0
2026.08.28 07:29:00	869.80000000	869.81000000	868.33000000	868.94000000	60	31	0
2026.08.28 07:30:00	869.01000000	870.29000000	868.85000000	869.62000000	59	31	0
2026.08.28 07:31:00	869.59000000	871.87000000	869.38000000	871.65000000	60	31	0
2026.08.28 07:32:00	871.91000000	873.55000000	871.91000000	872.29000000	59	31	0
2026.08.28 07:33:00	872.54000000	872.56000000	871.34000000	872.41000000	57	31	0
2026.08.28 07:34:00	872.39000000	873.11000000	871.94000000	872.47000000	57	31	0
2026.08.28 07:35:00	872.19000000	873.06000000	871.22000000	871.69000000	60	31	0
2026.08.28 07:36:00	871.56000000	873.04000000	871.56000000	872.39000000	59	31	0
2026.08.28 07:37:00	872.40000000	872.70000000	870.88000000	872.25000000	60	31	0
2026.08.28 07:38:00	872.27000000	874.05000000	872.03000000	873.71000000	58	31	0
2026.08.28 07:39:00	873.81000000	874.03000000	872.42000000	872.94000000	59	31	0
2026.08.28 07:40:00	873.01000000	875.16000000	872.86000000	874.52000000	60	31	0
2026.08.28 07:41:00	874.59000000	876.83000000	874.56000000	875.71000000	58	31	0
2026.08.28 07:42:00	875.67000000	876.11000000	874.64000000	876.11000000	59	31	0
2026.08.28 07:43:00	875.99000000	876.51000000	874.93000000	875.63000000	59	31	0
2026.08.28 07:44:00	875.92000000	877.03000000	875.20000000	877.03000000	60	31	0
2026.08.28 07:45:00	877.00000000	878.08000000	876.87000000	878.02000000	56	31	0
2026.08.28 07:46:00	878.20000000	878.36000000	877.49000000	877.59000000	58	31	0
2026.08.28 07:47:00	877.65000000	878.93000000	877.19000000	878.23000000	58	31	0
2026.08.28 07:48:00	878.35000000	879.77000000	877.86000000	877.89000000	59	31	0
2026.08.28 07:49:00	877.80000000	877.85000000	876.64000000	876.85000000	59	31	0
2026.08.28 07:50:00	877.21000000	877.21000000	874.01000000	874.34000000	58	31	0
2026.08.28 07:51:00	874.31000000	874.63000000	872.67000000	873.96000000	58	31	0
2026.08.28 07:52:00	873.91000000	874.16000000	872.97000000	872.97000000	60	31	0
2026.08.28 07:53:00	873.00000000	873.35000000	871.52000000	871.81000000	57	31	0
2026.08.28 07:54:00	871.73000000	871.93000000	869.90000000	869.90000000	58	31	0
2026.08.28 07:55:00	869.91000000	870.88000000	868.85000000	869.20000000	60	31	0
2026.08.28 07:56:00	869.18000000	869.89000000	868.25000000	869.75000000	60	31	0
2026.08.28 07:57:00	869.92000000	871.40000000	869.51000000	871.25000000	60	31	0
2026.08.28 07:58:00	871.27000000	871.59000000	869.86000000	869.86000000	59	31	0
2026.08.28 07:59:00	869.72000000	869.76000000	868.20000000	868.47000000	58	31	0
2026.08.28 08:00:00	868.62000000	869.63000000	868.20000000	869.39000000	57	31	0
2026.08.28 08:01:00	869.16000000	869.88000000	868.99000000	869.61000000	59	31	0
2026.08.28 08:02:00	869.80000000	870.33000000	869.06000000	869.06000000	60	31	0
2026.08.28 08:03:00	869.29000000	869.80000000	868.95000000	869.77000000	59	31	0
2026.08.28 08:04:00	869.88000000	871.66000000	869.59000000	871.25000000	56	31	0
2026.08.28 08:05:00	871.27000000	872.09000000	870.42000000	870.56000000	58	31	0
2026.08.28 08:06:00	870.71000000	871.74000000	869.41000000	871.74000000	59	31	0
2026.08.28 08:07:00	871.56000000	871.61000000	869.97000000	871.10000000	58	31	0
2026.08.28 08:08:00	870.96000000	871.66000000	870.45000000	870.78000000	59	31	0
2026.08.28 08:09:00	870.93000000	872.01000000	870.69000000	871.86000000	59	31	0
2026.08.28 08:10:00	872.02000000	872.35000000	871.28000000	871.78000000	58	31	0
2026.08.28 08:11:00	871.70000000	872.47000000	870.85000000	872.15000000	59	31	0
2026.08.28 08:12:00	872.12000000	872.12000000	869.57000000	869.75000000	57	31	0
2026.08.28 08:13:00	869.74000000	870.06000000	869.01000000	870.06000000	57	31	0
2026.08.28 08:14:00	870.25000000	870.25000000	868.18000000	868.29000000	58	31	0
2026.08.28 08:15:00	868.02000000	869.36000000	867.77000000	868.08000000	60	31	0
2026.08.28 08:16:00	868.23000000	870.22000000	868.21000000	870.01000000	57	31	0
2026.08.28 08:17:00	869.93000000	870.05000000	868.19000000	868.40000000	56	31	0
2026.08.28 08:18:00	868.34000000	869.47000000	868.34000000	868.45000000	58	31	0
2026.08.28 08:19:00	868.36000000	868.98000000	868.05000000	868.64000000	60	31	0
2026.08.28 08:20:00	868.58000000	869.65000000	868.47000000	869.22000000	58	31	0
2026.08.28 08:21:00	869.13000000	869.38000000	867.84000000	868.20000000	57	31	0
2026.08.28 08:22:00	868.41000000	871.25000000	868.41000000	870.69000000	59	31	0
2026.08.28 08:23:00	870.87000000	870.87000000	868.82000000	868.82000000	56	31	0
2026.08.28 08:24:00	868.94000000	869.30000000	868.22000000	868.65000000	59	31	0
2026.08.28 08:25:00	868.47000000	869.49000000	867.98000000	869.29000000	58	31	0
2026.08.28 08:26:00	869.39000000	870.56000000	869.11000000	869.40000000	59	31	0
2026.08.28 08:27:00	869.28000000	869.48000000	867.63000000	867.74000000	60	31	0
2026.08.28 08:28:00	867.76000000	868.74000000	867.32000000	868.31000000	57	31	0
2026.08.28 08:29:00	868.18000000	869.25000000	866.53000000	869.12000000	59	31	0
2026.08.28 08:30:00	869.19000000	870.17000000	868.70000000	869.34000000	57	31	0
2026.08.28 08:31:00	869.45000000	869.45000000	868.17000000	868.53000000	58	31	0
2026.08.28 08:32:00	868.56000000	869.00000000	868.09000000	868.85000000	59	31	0
2026.08.28 08:33:00	869.05000000	869.32000000	868.17000000	869.32000000	59	31	0
2026.08.28 08:34:00	869.09000000	869.91000000	868.89000000	869.75000000	60	31	0
2026.08.28 08:35:00	869.79000000	870.12000000	868.05000000	869.46000000	59	31	0
2026.08.28 08:36:00	869.08000000	869.66000000	867.03000000	867.21000000	57	31	0
2026.08.28 08:37:00	867.18000000	868.61000000	866.45000000	866.64000000	58	31	0
2026.08.28 08:38:00	866.60000000	868.20000000	866.37000000	867.58000000	57	31	0
2026.08.28 08:39:00	867.52000000	869.46000000	867.27000000	869.35000000	60	31	0
2026.08.28 08:40:00	869.20000000	870.97000000	868.91000000	869.12000000	59	31	0
2026.08.28 08:41:00	869.34000000	871.14000000	869.26000000	870.62000000	59	31	0
2026.08.28 08:42:00	870.82000000	871.14000000	870.10000000	870.58000000	60	31	0
2026.08.28 08:43:00	870.56000000	870.56000000	869.61000000	869.87000000	58	31	0
2026.08.28 08:44:00	869.63000000	870.35000000	869.41000000	869.92000000	56	31	0
2026.08.28 08:45:00	870.15000000	871.11000000	869.37000000	871.06000000	56	31	0
2026.08.28 08:46:00	870.97000000	871.92000000	870.81000000	871.37000000	60	31	0
2026.08.28 08:47:00	871.30000000	871.37000000	870.31000000	870.95000000	59	31	0
2026.08.28 08:48:00	870.84000000	872.89000000	870.84000000	872.55000000	58	31	0
2026.08.28 08:49:00	872.46000000	873.34000000	871.55000000	871.55000000	59	31	0
2026.08.28 08:50:00	871.60000000	871.73000000	870.98000000	871.56000000	57	31	0
2026.08.28 08:51:00	871.82000000	871.91000000	870.02000000	870.24000000	58	31	0
2026.08.28 08:52:00	870.07000000	870.59000000	869.14000000	869.81000000	59	31	0
2026.08.28 08:53:00	869.88000000	870.08000000	868.57000000	870.08000000	58	31	0
2026.08.28 08:54:00	869.99000000	870.11000000	868.55000000	869.84000000	59	31	0
2026.08.28 08:55:00	869.96000000	869.96000000	867.85000000	869.37000000	57	31	0
2026.08.28 08:56:00	869.37000000	869.78000000	868.06000000	868.06000000	59	31	0
2026.08.28 08:57:00	868.00000000	868.20000000	864.87000000	864.96000000	60	31	0
2026.08.28 08:58:00	864.57000000	864.82000000	863.72000000	864.00000000	60	31	0
2026.08.28 08:59:00	863.98000000	863.98000000	862.54000000	863.06000000	59	31	0
2026.08.28 09:00:00	863.10000000	865.17000000	862.81000000	865.08000000	58	31	0
2026.08.28 09:01:00	865.03000000	865.21000000	863.33000000	864.24000000	60	31	0
2026.08.28 09:02:00	864.26000000	865.49000000	864.05000000	865.48000000	58	31	0
2026.08.28 09:03:00	865.71000000	867.11000000	865.59000000	866.77000000	60	31	0
2026.08.28 09:04:00	866.69000000	867.35000000	865.63000000	867.35000000	59	31	0
2026.08.28 09:05:00	867.66000000	867.96000000	866.89000000	867.33000000	58	31	0
2026.08.28 09:06:00	867.33000000	867.50000000	865.95000000	866.80000000	59	31	0
2026.08.28 09:07:00	866.79000000	867.34000000	865.99000000	866.66000000	59	31	0
2026.08.28 09:08:00	866.72000000	866.72000000	865.78000000	866.38000000	60	31	0
2026.08.28 09:09:00	866.51000000	867.94000000	866.51000000	866.95000000	58	31	0
2026.08.28 09:10:00	866.78000000	866.78000000	865.73000000	865.75000000	59	31	0
2026.08.28 09:11:00	865.84000000	866.65000000	865.61000000	866.61000000	58	31	0
2026.08.28 09:12:00	866.50000000	866.78000000	864.13000000	865.67000000	59	31	0
2026.08.28 09:13:00	865.60000000	865.80000000	865.00000000	865.48000000	57	31	0
2026.08.28 09:14:00	865.56000000	865.56000000	863.76000000	863.92000000	59	31	0
2026.08.28 09:15:00	864.07000000	866.23000000	864.07000000	865.65000000	58	31	0
2026.08.28 09:16:00	865.76000000	866.83000000	865.70000000	866.39000000	59	31	0
2026.08.28 09:17:00	866.33000000	866.33000000	864.69000000	864.82000000	57	31	0
2026.08.28 09:18:00	864.76000000	864.76000000	862.93000000	862.93000000	58	31	0
2026.08.28 09:19:00	862.74000000	862.74000000	861.11000000	861.53000000	60	31	0
2026.08.28 09:20:00	861.18000000	862.70000000	860.90000000	861.34000000	58	31	0
2026.08.28 09:21:00	861.28000000	861.94000000	861.02000000	861.71000000	60	31	0
2026.08.28 09:22:00	861.70000000	862.91000000	861.55000000	862.91000000	55	31	0
2026.08.28 09:23:00	862.75000000	863.14000000	862.16000000	862.89000000	59	31	0
2026.08.28 09:24:00	862.58000000	864.51000000	862.46000000	864.34000000	59	31	0
2026.08.28 09:25:00	864.63000000	865.23000000	864.23000000	864.50000000	59	31	0
2026.08.28 09:26:00	864.48000000	864.84000000	861.77000000	861.93000000	59	31	0
2026.08.28 09:27:00	861.99000000	862.13000000	859.76000000	859.76000000	58	31	0
2026.08.28 09:28:00	859.78000000	861.28000000	859.78000000	860.82000000	59	31	0
2026.08.28 09:29:00	860.64000000	861.36000000	859.68000000	859.91000000	59	31	0
2026.08.28 09:30:00	859.89000000	860.19000000	858.60000000	859.99000000	59	31	0
2026.08.28 09:31:00	859.76000000	862.14000000	859.76000000	861.91000000	60	31	0
2026.08.28 09:32:00	861.83000000	861.92000000	860.89000000	861.25000000	56	31	0
2026.08.28 09:33:00	861.13000000	861.54000000	860.64000000	860.77000000	59	31	0
2026.08.28 09:34:00	860.56000000	861.68000000	860.13000000	861.18000000	58	31	0
2026.08.28 09:35:00	861.05000000	862.27000000	860.83000000	861.93000000	56	31	0
2026.08.28 09:36:00	862.07000000	863.60000000	861.05000000	863.60000000	60	31	0
2026.08.28 09:37:00	863.91000000	864.34000000	863.10000000	863.41000000	57	31	0
2026.08.28 09:38:00	863.41000000	864.09000000	863.06000000	863.06000000	58	31	0
2026.08.28 09:39:00	863.16000000	863.70000000	862.23000000	863.38000000	59	31	0
2026.08.28 09:40:00	863.49000000	864.02000000	863.23000000	863.49000000	58	31	0
2026.08.28 09:41:00	863.35000000	863.63000000	862.16000000	862.16000000	60	31	0
2026.08.28 09:42:00	862.09000000	862.62000000	860.82000000	861.38000000	60	31	0
2026.08.28 09:43:00	861.36000000	861.84000000	860.69000000	861.84000000	60	31	0
2026.08.28 09:44:00	861.83000000	862.17000000	860.42000000	860.77000000	59	31	0
2026.08.28 09:45:00	860.73000000	863.96000000	860.55000000	863.96000000	59	31	0
2026.08.28 09:46:00	864.00000000	864.00000000	862.21000000	863.27000000	60	31	0
2026.08.28 09:47:00	863.11000000	863.12000000	860.99000000	861.00000000	60	31	0
2026.08.28 09:48:00	860.95000000	863.05000000	860.76000000	863.05000000	58	31	0
2026.08.28 09:49:00	863.11000000	865.86000000	863.11000000	865.32000000	58	31	0
2026.08.28 09:50:00	865.35000000	865.90000000	864.54000000	864.96000000	59	31	0
2026.08.28 09:51:00	864.89000000	865.80000000	864.65000000	864.80000000	57	31	0
2026.08.28 09:52:00	864.89000000	864.89000000	861.86000000	861.98000000	59	31	0
2026.08.28 09:53:00	862.06000000	863.84000000	861.06000000	863.84000000	58	31	0
2026.08.28 09:54:00	863.75000000	864.55000000	862.67000000	862.87000000	60	31	0
2026.08.28 09:55:00	862.99000000	864.07000000	862.35000000	863.50000000	60	31	0
2026.08.28 09:56:00	863.62000000	864.32000000	863.23000000	863.77000000	59	31	0
2026.08.28 09:57:00	864.09000000	864.90000000	862.76000000	864.46000000	58	31	0
2026.08.28 09:58:00	864.46000000	864.51000000	863.17000000	863.45000000	57	31	0
2026.08.28 09:59:00	863.47000000	864.77000000	862.66000000	863.67000000	58	31	0
2026.08.28 10:00:00	863.87000000	865.55000000	863.81000000	864.45000000	57	31	0
2026.08.28 10:01:00	864.46000000	866.66000000	864.41000000	866.66000000	57	31	0
2026.08.28 10:02:00	866.75000000	866.84000000	864.94000000	864.94000000	59	31	0
2026.08.28 10:03:00	865.01000000	865.58000000	864.54000000	865.58000000	58	31	0
2026.08.28 10:04:00	865.59000000	865.88000000	863.53000000	863.53000000	60	31	0
2026.08.28 10:05:00	863.68000000	864.44000000	863.44000000	864.44000000	58	31	0
2026.08.28 10:06:00	864.62000000	866.26000000	864.28000000	865.44000000	59	31	0
2026.08.28 10:07:00	865.46000000	865.74000000	864.45000000	865.02000000	59	31	0
2026.08.28 10:08:00	864.75000000	865.15000000	864.15000000	864.70000000	60	31	0
2026.08.28 10:09:00	864.82000000	865.49000000	864.68000000	864.91000000	60	31	0
2026.08.28 10:10:00	864.89000000	864.89000000	862.60000000	864.50000000	59	31	0
2026.08.28 10:11:00	864.50000000	865.64000000	864.21000000	865.20000000	59	31	0
2026.08.28 10:12:00	865.17000000	865.35000000	863.57000000	864.59000000	58	31	0
2026.08.28 10:13:00	864.62000000	864.96000000	863.38000000	863.75000000	56	31	0
2026.08.28 10:14:00	863.51000000	865.84000000	863.26000000	865.55000000	59	31	0
2026.08.28 10:15:00	865.57000000	866.15000000	864.84000000	865.85000000	58	31	0
2026.08.28 10:16:00	866.02000000	866.23000000	864.60000000	865.50000000	58	31	0
2026.08.28 10:17:00	865.51000000	867.04000000	865.51000000	865.96000000	56	31	0
2026.08.28 10:18:00	866.08000000	867.35000000	865.88000000	867.28000000	57	31	0
2026.08.28 10:19:00	867.37000000	867.37000000	866.01000000	866.44000000	59	31	0
2026.08.28 10:20:00	866.61000000	867.56000000	864.69000000	864.69000000	60	31	0
2026.08.28 10:21:00	864.61000000	864.88000000	863.32000000	864.15000000	59	31	0
2026.08.28 10:22:00	864.23000000	865.33000000	863.92000000	865.16000000	56	31	0
2026.08.28 10:23:00	865.06000000	865.08000000	864.20000000	864.47000000	56	31	0
2026.08.28 10:24:00	864.23000000	864.49000000	863.36000000	864.49000000	58	31	0
2026.08.28 10:25:00	864.41000000	865.45000000	864.33000000	865.45000000	58	31	0
2026.08.28 10:26:00	865.74000000	866.99000000	865.40000000	865.57000000	60	31	0
2026.08.28 10:27:00	865.31000000	865.36000000	864.20000000	864.20000000	60	31	0
2026.08.28 10:28:00	864.24000000	865.14000000	863.21000000	863.93000000	60	31	0
2026.08.28 10:29:00	863.87000000	863.93000000	862.41000000	863.67000000	60	31	0
2026.08.28 10:30:00	863.71000000	863.71000000	862.32000000	862.36000000	60	31	0
2026.08.28 10:31:00	862.18000000	862.63000000	860.16000000	860.57000000	58	31	0
2026.08.28 10:32:00	860.43000000	860.65000000	859.50000000	859.62000000	60	31	0
2026.08.28 10:33:00	859.52000000	861.91000000	859.19000000	861.34000000	58	31	0
2026.08.28 10:34:00	861.14000000	861.52000000	860.41000000	860.91000000	60	31	0
2026.08.28 10:35:00	860.97000000	860.97000000	859.64000000	860.24000000	56	31	0
2026.08.28 10:36:00	860.44000000	860.67000000	859.16000000	859.36000000	60	31	0
2026.08.28 10:37:00	859.11000000	859.36000000	857.80000000	859.11000000	59	31	0
2026.08.28 10:38:00	859.13000000	859.16000000	857.77000000	857.88000000	59	31	0
2026.08.28 10:39:00	857.84000000	858.14000000	857.24000000	857.38000000	59	31	0
2026.08.28 10:40:00	857.47000000	858.53000000	856.99000000	858.18000000	58	31	0
2026.08.28 10:41:00	858.24000000	858.24000000	857.10000000	857.51000000	58	31	0
2026.08.28 10:42:00	857.36000000	857.37000000	855.63000000	855.73000000	57	31	0
2026.08.28 10:43:00	855.66000000	856.00000000	854.58000000	855.09000000	60	31	0
2026.08.28 10:44:00	855.07000000	855.62000000	854.18000000	854.87000000	58	31	0
2026.08.28 10:45:00	855.03000000	856.69000000	855.03000000	856.49000000	56	31	0
2026.08.28 10:46:00	856.43000000	857.94000000	855.52000000	857.66000000	60	31	0
2026.08.28 10:47:00	858.01000000	858.67000000	857.63000000	858.10000000	58	31	0
2026.08.28 10:48:00	858.23000000	859.42000000	858.16000000	858.30000000	59	31	0
2026.08.28 10:49:00	858.44000000	859.69000000	857.94000000	859.16000000	59	31	0
2026.08.28 10:50:00	859.11000000	859.41000000	857.70000000	858.73000000	59	31	0
2026.08.28 10:51:00	858.86000000	859.75000000	858.02000000	858.84000000	58	31	0
2026.08.28 10:52:00	858.64000000	860.21000000	858.58000000	859.27000000	57	31	0
2026.08.28 10:53:00	859.14000000	860.83000000	858.97000000	860.63000000	60	31	0
2026.08.28 10:54:00	860.57000000	860.71000000	859.05000000	859.10000000	57	31	0
2026.08.28 10:55:00	859.10000000	861.94000000	858.95000000	861.85000000	60	31	0
2026.08.28 10:56:00	861.75000000	862.00000000	859.89000000	859.89000000	58	31	0
2026.08.28 10:57:00	859.93000000	860.47000000	859.21000000	859.59000000	57	31	0
2026.08.28 10:58:00	859.65000000	861.53000000	859.08000000	861.37000000	59	31	0
2026.08.28 10:59:00	861.44000000	861.44000000	860.05000000	860.92000000	59	31	0
2026.08.28 11:00:00	860.85000000	861.60000000	860.44000000	860.65000000	58	31	0
2026.08.28 11:01:00	860.78000000	860.85000000	859.18000000	859.18000000	58	31	0
2026.08.28 11:02:00	859.36000000	861.13000000	858.01000000	858.54000000	59	31	0
2026.08.28 11:03:00	858.44000000	859.01000000	857.57000000	857.95000000	59	31	0
2026.08.28 11:04:00	858.21000000	858.65000000	857.16000000	857.75000000	60	31	0
2026.08.28 11:05:00	857.72000000	857.96000000	856.84000000	857.05000000	60	31	0
2026.08.28 11:06:00	856.76000000	858.32000000	856.65000000	857.42000000	58	31	0
2026.08.28 11:07:00	857.54000000	858.14000000	856.85000000	857.54000000	60	31	0
2026.08.28 11:08:00	857.39000000	859.03000000	857.27000000	858.91000000	60	31	0
2026.08.28 11:09:00	858.86000000	858.91000000	856.94000000	857.27000000	56	31	0
2026.08.28 11:10:00	857.43000000	858.10000000	856.85000000	857.28000000	59	31	0
2026.08.28 11:11:00	857.15000000	857.30000000	854.39000000	854.61000000	58	31	0
2026.08.28 11:12:00	854.60000000	855.27000000	854.36000000	854.49000000	58	31	0
2026.08.28 11:13:00	854.64000000	855.28000000	853.03000000	853.16000000	59	31	0
2026.08.28 11:14:00	852.92000000	853.53000000	852.06000000	853.10000000	58	31	0
2026.08.28 11:15:00	852.94000000	853.92000000	852.76000000	853.86000000	60	31	0
2026.08.28 11:16:00	853.74000000	854.00000000	853.08000000	853.49000000	58	31	0
2026.08.28 11:17:00	853.31000000	854.71000000	852.63000000	854.20000000	58	31	0
2026.08.28 11:18:00	854.22000000	854.41000000	853.12000000	853.40000000	57	31	0
2026.08.28 11:19:00	853.31000000	853.79000000	853.01000000	853.60000000	59	31	0
2026.08.28 11:20:00	853.43000000	854.55000000	852.92000000	854.20000000	55	31	0
2026.08.28 11:21:00	854.14000000	854.14000000	851.96000000	853.15000000	59	31	0
2026.08.28 11:22:00	853.37000000	854.00000000	852.83000000	854.00000000	60	31	0
2026.08.28 11:23:00	854.09000000	854.52000000	852.83000000	853.58000000	59	31	0
2026.08.28 11:24:00	853.38000000	853.38000000	852.44000000	852.89000000	59	31	0
2026.08.28 11:25:00	852.83000000	853.94000000	852.83000000	853.78000000	60	31	0
2026.08.28 11:26:00	853.50000000	855.33000000	853.32000000	855.16000000	59	31	0
2026.08.28 11:27:00	855.26000000	855.40000000	854.23000000	854.24000000	57	31	0
2026.08.28 11:28:00	854.06000000	854.44000000	852.96000000	852.96000000	58	31	0
2026.08.28 11:29:00	853.05000000	853.60000000	852.63000000	853.11000000	59	31	0
2026.08.28 11:30:00	853.20000000	854.01000000	852.88000000	853.36000000	59	31	0
2026.08.28 11:31:00	853.56000000	854.87000000	853.35000000	854.44000000	59	31	0
2026.08.28 11:32:00	854.34000000	854.34000000	852.36000000	853.47000000	58	31	0
2026.08.28 11:33:00	853.21000000	854.51000000	853.15000000	853.77000000	58	31	0
2026.08.28 11:34:00	853.67000000	855.59000000	853.58000000	854.75000000	58	31	0
2026.08.28 11:35:00	854.74000000	855.09000000	853.02000000	853.61000000	59	31	0
2026.08.28 11:36:00	853.57000000	853.78000000	852.01000000	852.02000000	58	31	0
2026.08.28 11:37:00	852.00000000	852.38000000	850.42000000	850.69000000	56	31	0
2026.08.28 11:38:00	850.87000000	850.87000000	848.33000000	848.53000000	59	31	0
2026.08.28 11:39:00	848.58000000	850.16000000	848.40000000	848.94000000	60	31	0
2026.08.28 11:40:00	848.90000000	850.26000000	848.90000000	849.96000000	59	31	0
2026.08.28 11:41:00	850.20000000	851.24000000	849.88000000	850.34000000	60	31	0
2026.08.28 11:42:00	850.30000000	851.98000000	850.10000000	851.69000000	58	31	0
2026.08.28 11:43:00	851.54000000	852.49000000	851.04000000	852.33000000	58	31	0
2026.08.28 11:44:00	852.06000000	852.71000000	851.49000000	852.41000000	59	31	0
2026.08.28 11:45:00	852.16000000	852.20000000	849.50000000	850.33000000	57	31	0
2026.08.28 11:46:00	850.35000000	850.54000000	849.49000000	850.23000000	58	31	0
2026.08.28 11:47:00	850.53000000	850.81000000	849.68000000	850.15000000	59	31	0
2026.08.28 11:48:00	850.17000000	850.21000000	847.32000000	847.32000000	58	31	0
2026.08.28 11:49:00	847.38000000	848.10000000	846.21000000	847.10000000	60	31	0
2026.08.28 11:50:00	847.18000000	849.03000000	846.47000000	848.69000000	60	31	0
2026.08.28 11:51:00	848.70000000	848.70000000	845.38000000	845.74000000	58	31	0
2026.08.28 11:52:00	845.47000000	848.25000000	845.29000000	847.82000000	60	31	0
2026.08.28 11:53:00	847.87000000	848.63000000	847.26000000	847.97000000	58	31	0
2026.08.28 11:54:00	847.83000000	849.27000000	847.80000000	849.21000000	56	31	0
2026.08.28 11:55:00	849.19000000	850.71000000	849.01000000	850.70000000	60	31	0
2026.08.28 11:56:00	850.72000000	851.29000000	849.81000000	849.84000000	58	31	0
2026.08.28 11:57:00	849.48000000	850.26000000	849.36000000	849.53000000	59	31	0
2026.08.28 11:58:00	849.57000000	850.47000000	849.00000000	850.13000000	58	31	0
2026.08.28 11:59:00	850.13000000	852.15000000	850.13000000	852.05000000	57	31	0
2026.08.28 12:00:00	852.25000000	853.99000000	851.91000000	853.99000000	58	31	0
2026.08.28 12:01:00	853.94000000	854.33000000	852.83000000	852.90000000	57	31	0
2026.08.28 12:02:00	852.74000000	853.91000000	852.74000000	853.11000000	59	31	0
2026.08.28 12:03:00	853.04000000	854.40000000	853.04000000	853.91000000	54	31	0
2026.08.28 12:04:00	854.10000000	854.13000000	851.75000000	851.75000000	58	31	0
2026.08.28 12:05:00	851.77000000	852.52000000	851.41000000	852.11000000	59	31	0
2026.08.28 12:06:00	851.84000000	851.84000000	849.56000000	850.57000000	58	31	0
2026.08.28 12:07:00	850.67000000	852.31000000	850.67000000	850.89000000	60	31	0
2026.08.28 12:08:00	851.00000000	851.00000000	848.00000000	848.61000000	58	31	0
2026.08.28 12:09:00	848.62000000	849.30000000	847.71000000	847.71000000	58	31	0
2026.08.28 12:10:00	848.17000000	849.30000000	848.17000000	848.91000000	58	31	0
2026.08.28 12:11:00	848.96000000	849.03000000	847.41000000	847.68000000	59	31	0
2026.08.28 12:12:00	847.97000000	848.23000000	847.17000000	847.50000000	58	31	0
2026.08.28 12:13:00	847.67000000	847.88000000	846.17000000	847.86000000	58	31	0
2026.08.28 12:14:00	847.98000000	849.79000000	847.43000000	849.54000000	59	31	0
2026.08.28 12:15:00	849.60000000	850.21000000	848.92000000	850.13000000	56	31	0
2026.08.28 12:16:00	850.02000000	852.32000000	850.02000000	851.70000000	58	31	0
2026.08.28 12:17:00	851.63000000	852.79000000	850.85000000	852.18000000	59	31	0
2026.08.28 12:18:00	851.93000000	852.32000000	850.74000000	851.50000000	57	31	0
2026.08.28 12:19:00	851.31000000	851.53000000	850.32000000	850.62000000	60	31	0
2026.08.28 12:20:00	850.80000000	850.84000000	849.79000000	850.10000000	58	31	0
2026.08.28 12:21:00	849.84000000	852.19000000	849.34000000	852.19000000	57	31	0
2026.08.28 12:22:00	851.99000000	853.49000000	851.80000000	853.21000000	59	31	0
2026.08.28 12:23:00	853.50000000	853.63000000	850.39000000	851.69000000	60	31	0
2026.08.28 12:24:00	851.87000000	853.11000000	851.62000000	852.26000000	59	31	0
2026.08.28 12:25:00	852.66000000	854.79000000	852.66000000	854.79000000	60	31	0
2026.08.28 12:26:00	854.93000000	854.93000000	852.85000000	853.62000000	59	31	0
2026.08.28 12:27:00	853.50000000	853.57000000	851.03000000	851.06000000	57	31	0
2026.08.28 12:28:00	850.93000000	851.71000000	849.62000000	850.07000000	60	31	0
2026.08.28 12:29:00	849.97000000	850.68000000	849.38000000	850.38000000	55	31	0
2026.08.28 12:30:00	850.39000000	850.50000000	849.51000000	850.50000000	58	31	0
2026.08.28 12:31:00	850.48000000	850.88000000	849.19000000	849.32000000	59	31	0
2026.08.28 12:32:00	849.21000000	852.66000000	848.82000000	852.66000000	59	31	0
2026.08.28 12:33:00	852.74000000	852.74000000	850.88000000	850.88000000	59	31	0
2026.08.28 12:34:00	850.83000000	851.43000000	850.37000000	851.11000000	59	31	0
2026.08.28 12:35:00	851.34000000	852.92000000	851.34000000	852.87000000	60	31	0
2026.08.28 12:36:00	852.77000000	852.77000000	851.37000000	852.52000000	58	31	0
2026.08.28 12:37:00	852.35000000	853.04000000	851.38000000	852.30000000	60	31	0
2026.08.28 12:38:00	852.20000000	853.35000000	851.70000000	852.85000000	58	31	0
2026.08.28 12:39:00	852.94000000	852.94000000	850.58000000	850.58000000	59	31	0
2026.08.28 12:40:00	850.33000000	850.80000000	849.84000000	850.19000000	57	31	0
2026.08.28 12:41:00	850.22000000	851.02000000	849.19000000	850.55000000	58	31	0
2026.08.28 12:42:00	850.63000000	852.06000000	850.53000000	851.34000000	58	31	0
2026.08.28 12:43:00	851.60000000	852.48000000	850.76000000	851.81000000	60	31	0
2026.08.28 12:44:00	851.71000000	852.13000000	851.23000000	852.13000000	60	31	0
2026.08.28 12:45:00	852.18000000	853.84000000	851.73000000	853.31000000	59	31	0
2026.08.28 12:46:00	853.55000000	853.79000000	852.53000000	853.31000000	59	31	0
2026.08.28 12:47:00	853.13000000	854.23000000	852.93000000	853.56000000	57	31	0
2026.08.28 12:48:00	853.61000000	853.61000000	851.80000000	852.29000000	59	31	0
2026.08.28 12:49:00	852.49000000	852.89000000	851.53000000	852.52000000	59	31	0
2026.08.28 12:50:00	852.39000000	852.92000000	850.51000000	851.44000000	60	31	0
2026.08.28 12:51:00	851.42000000	851.54000000	850.55000000	850.82000000	56	31	0
2026.08.28 12:52:00	850.73000000	851.02000000	849.45000000	850.35000000	58	31	0
2026.08.28 12:53:00	850.37000000	850.93000000	850.17000000	850.86000000	59	31	0
2026.08.28 12:54:00	850.48000000	851.76000000	850.19000000	851.76000000	60	31	0
2026.08.28 12:55:00	851.62000000	852.74000000	850.85000000	851.67000000	58	31	0
2026.08.28 12:56:00	852.11000000	853.92000000	852.05000000	853.92000000	58	31	0
2026.08.28 12:57:00	853.89000000	854.25000000	851.98000000	851.98000000	58	31	0
2026.08.28 12:58:00	852.13000000	853.62000000	851.59000000	851.80000000	60	31	0
2026.08.28 12:59:00	851.53000000	851.85000000	850.52000000	851.60000000	58	31	0
2026.08.28 13:00:00	851.47000000	852.41000000	850.92000000	850.92000000	56	31	0
2026.08.28 13:01:00	851.02000000	853.70000000	850.96000000	853.63000000	58	31	0
2026.08.28 13:02:00	853.64000000	854.07000000	852.77000000	852.77000000	59	31	0
2026.08.28 13:03:00	852.63000000	853.03000000	851.84000000	853.03000000	57	31	0
2026.08.28 13:04:00	853.08000000	854.33000000	853.08000000	853.86000000	59	31	0
2026.08.28 13:05:00	853.86000000	855.25000000	853.56000000	855.25000000	58	31	0
2026.08.28 13:06:00	855.32000000	858.04000000	855.26000000	857.87000000	57	31	0
2026.08.28 13:07:00	857.78000000	859.25000000	857.66000000	859.03000000	59	31	0
2026.08.28 13:08:00	859.07000000	859.46000000	858.29000000	858.63000000	59	31	0
2026.08.28 13:09:00	858.52000000	859.06000000	857.61000000	858.20000000	58	31	0
2026.08.28 13:10:00	858.57000000	859.68000000	857.56000000	859.48000000	59	31	0
2026.08.28 13:11:00	859.51000000	861.20000000	859.51000000	860.50000000	59	31	0
2026.08.28 13:12:00	860.46000000	860.49000000	859.21000000	860.12000000	57	31	0
2026.08.28 13:13:00	860.15000000	860.53000000	859.55000000	859.86000000	59	31	0
2026.08.28 13:14:00	860.05000000	860.53000000	859.10000000	860.10000000	59	31	0
2026.08.28 13:15:00	860.19000000	861.43000000	860.00000000	860.29000000	59	31	0
2026.08.28 13:16:00	860.14000000	861.27000000	859.83000000	859.84000000	58	31	0
2026.08.28 13:17:00	859.75000000	859.75000000	857.21000000	858.09000000	59	31	0
2026.08.28 13:18:00	858.09000000	858.40000000	856.28000000	856.82000000	59	31	0
2026.08.28 13:19:00	856.86000000	857.10000000	854.90000000	855.69000000	59	31	0
2026.08.28 13:20:00	855.83000000	855.83000000	854.86000000	854.90000000	58	31	0
2026.08.28 13:21:00	854.89000000	856.95000000	854.89000000	855.81000000	60	31	0
2026.08.28 13:22:00	855.75000000	856.70000000	855.52000000	856.70000000	59	31	0
2026.08.28 13:23:00	856.65000000	857.57000000	856.17000000	857.50000000	57	31	0
2026.08.28 13:24:00	857.36000000	857.36000000	855.98000000	856.45000000	58	31	0
2026.08.28 13:25:00	856.20000000	857.86000000	855.72000000	857.49000000	58	31	0
2026.08.28 13:26:00	857.49000000	858.08000000	854.28000000	854.49000000	59	31	0
2026.08.28 13:27:00	854.42000000	854.43000000	852.33000000	852.72000000	54	31	0
2026.08.28 13:28:00	852.42000000	852.59000000	851.37000000	852.17000000	59	31	0
2026.08.28 13:29:00	852.39000000	852.39000000	850.68000000	850.83000000	60	31	0
2026.08.28 13:30:00	850.99000000	853.68000000	850.98000000	853.68000000	58	31	0
2026.08.28 13:31:00	853.84000000	855.00000000	853.60000000	854.22000000	60	31	0
2026.08.28 13:32:00	854.38000000	855.29000000	853.91000000	854.63000000	57	31	0
2026.08.28 13:33:00	854.78000000	857.71000000	854.67000000	857.26000000	58	31	0
2026.08.28 13:34:00	857.17000000	857.65000000	855.91000000	855.91000000	55	31	0
2026.08.28 13:35:00	855.90000000	856.22000000	854.39000000	854.75000000	58	31	0
2026.08.28 13:36:00	854.66000000	856.32000000	854.19000000	856.30000000	57	31	0
2026.08.28 13:37:00	856.23000000	856.88000000	855.92000000	855.98000000	59	31	0
2026.08.28 13:38:00	855.73000000	855.73000000	853.90000000	854.06000000	60	31	0
2026.08.28 13:39:00	854.15000000	855.45000000	854.15000000	854.81000000	58	31	0
2026.08.28 13:40:00	854.86000000	854.95000000	853.09000000	853.33000000	58	31	0
2026.08.28 13:41:00	853.33000000	854.29000000	852.62000000	852.79000000	60	31	0
2026.08.28 13:42:00	852.76000000	852.76000000	850.48000000	850.71000000	57	31	0
2026.08.28 13:43:00	850.60000000	850.68000000	848.89000000	850.01000000	57	31	0
2026.08.28 13:44:00	849.78000000	849.79000000	848.34000000	848.92000000	59	31	0
2026.08.28 13:45:00	848.95000000	849.76000000	847.70000000	848.53000000	56	31	0
2026.08.28 13:46:00	848.60000000	850.69000000	848.60000000	850.69000000	58	31	0
2026.08.28 13:47:00	850.64000000	851.26000000	850.04000000	850.04000000	57	31	0
2026.08.28 13:48:00	850.46000000	850.89000000	846.98000000	846.98000000	56	31	0
2026.08.28 13:49:00	847.28000000	847.93000000	845.39000000	845.87000000	59	31	0
2026.08.28 13:50:00	845.82000000	846.89000000	845.67000000	846.33000000	59	31	0
2026.08.28 13:51:00	846.33000000	847.19000000	845.91000000	846.57000000	69	31	0
2026.08.28 13:52:00	846.60000000	847.90000000	846.01000000	846.16000000	58	31	0
2026.08.28 13:53:00	845.88000000	845.88000000	843.96000000	844.93000000	60	31	0
2026.08.28 13:54:00	845.14000000	845.57000000	843.63000000	843.63000000	59	31	0
2026.08.28 13:55:00	843.75000000	844.83000000	842.45000000	842.45000000	59	31	0
2026.08.28 13:56:00	842.29000000	842.64000000	841.90000000	842.37000000	59	31	0
2026.08.28 13:57:00	842.31000000	843.46000000	841.86000000	842.69000000	58	31	0
2026.08.28 13:58:00	842.52000000	843.31000000	842.06000000	843.31000000	59	31	0
2026.08.28 13:59:00	843.02000000	843.47000000	842.50000000	843.47000000	59	31	0
2026.08.28 14:00:00	843.27000000	844.26000000	843.08000000	843.60000000	59	31	0
2026.08.28 14:01:00	843.60000000	843.66000000	841.79000000	843.34000000	56	31	0
2026.08.28 14:02:00	843.19000000	843.90000000	842.70000000	843.90000000	60	31	0
2026.08.28 14:03:00	843.82000000	843.99000000	841.90000000	841.90000000	59	31	0
2026.08.28 14:04:00	841.90000000	842.04000000	839.21000000	839.30000000	60	31	0
2026.08.28 14:05:00	839.20000000	840.11000000	838.30000000	838.30000000	59	31	0
2026.08.28 14:06:00	838.38000000	838.38000000	836.82000000	837.54000000	57	31	0
2026.08.28 14:07:00	837.57000000	838.08000000	836.64000000	837.79000000	59	31	0
2026.08.28 14:08:00	837.54000000	837.93000000	836.03000000	836.10000000	59	31	0
2026.08.28 14:09:00	836.18000000	836.77000000	835.72000000	835.86000000	60	31	0
2026.08.28 14:10:00	835.95000000	836.75000000	835.51000000	836.37000000	60	31	0
2026.08.28 14:11:00	836.39000000	837.14000000	835.31000000	837.12000000	55	31	0
2026.08.28 14:12:00	836.92000000	837.99000000	836.36000000	837.88000000	58	31	0
2026.08.28 14:13:00	838.12000000	840.58000000	838.12000000	840.58000000	60	31	0
2026.08.28 14:14:00	840.79000000	842.08000000	840.77000000	841.42000000	60	31	0
2026.08.28 14:15:00	841.42000000	841.60000000	840.42000000	840.87000000	60	31	0
2026.08.28 14:16:00	840.89000000	840.89000000	839.30000000	839.85000000	57	31	0
2026.08.28 14:17:00	839.77000000	841.04000000	839.68000000	840.13000000	60	31	0
2026.08.28 14:18:00	840.19000000	841.59000000	840.08000000	841.26000000	59	31	0
2026.08.28 14:19:00	841.20000000	841.57000000	839.88000000	840.38000000	57	31	0
2026.08.28 14:20:00	840.17000000	840.36000000	839.43000000	839.64000000	58	31	0
2026.08.28 14:21:00	839.69000000	840.07000000	838.79000000	839.67000000	58	31	0
2026.08.28 14:22:00	839.51000000	839.79000000	838.37000000	838.53000000	58	31	0
2026.08.28 14:23:00	838.50000000	839.08000000	836.79000000	836.79000000	57	31	0
2026.08.28 14:24:00	836.94000000	837.47000000	836.73000000	837.32000000	57	31	0
2026.08.28 14:25:00	837.26000000	838.02000000	837.18000000	838.02000000	59	31	0
2026.08.28 14:26:00	837.91000000	839.37000000	837.77000000	838.15000000	60	31	0
2026.08.28 14:27:00	838.02000000	839.67000000	837.47000000	839.46000000	59	31	0
2026.08.28 14:28:00	839.64000000	840.73000000	839.04000000	840.25000000	58	31	0
2026.08.28 14:29:00	840.28000000	841.47000000	839.81000000	841.47000000	59	31	0
2026.08.28 14:30:00	841.74000000	844.74000000	841.48000000	844.56000000	59	31	0
2026.08.28 14:31:00	844.33000000	845.36000000	844.12000000	844.63000000	60	31	0
2026.08.28 14:32:00	844.75000000	845.12000000	843.22000000	843.76000000	58	31	0
2026.08.28 14:33:00	843.94000000	845.33000000	843.94000000	845.00000000	58	31	0
2026.08.28 14:34:00	844.92000000	847.23000000	844.64000000	847.18000000	56	31	0
2026.08.28 14:35:00	847.23000000	848.04000000	846.04000000	847.07000000	60	31	0
2026.08.28 14:36:00	847.24000000	847.24000000	844.90000000	845.36000000	59	31	0
2026.08.28 14:37:00	845.30000000	846.05000000	844.60000000	844.80000000	57	31	0
2026.08.28 14:38:00	844.76000000	846.40000000	844.56000000	845.75000000	57	31	0
2026.08.28 14:39:00	845.85000000	846.35000000	845.14000000	845.72000000	58	31	0
2026.08.28 14:40:00	845.58000000	846.20000000	844.77000000	846.18000000	58	31	0
2026.08.28 14:41:00	846.33000000	848.91000000	846.33000000	848.91000000	59	31	0
2026.08.28 14:42:00	848.69000000	848.96000000	847.42000000	848.96000000	57	31	0
2026.08.28 14:43:00	848.95000000	849.24000000	848.05000000	848.75000000	56	31	0
2026.08.28 14:44:00	848.94000000	849.33000000	848.30000000	848.95000000	56	31	0
2026.08.28 14:45:00	848.87000000	849.62000000	847.88000000	847.88000000	59	31	0
2026.08.28 14:46:00	847.94000000	849.60000000	847.94000000	848.81000000	60	31	0
2026.08.28 14:47:00	848.76000000	848.80000000	846.55000000	847.05000000	59	31	0
2026.08.28 14:48:00	846.96000000	847.52000000	846.51000000	846.51000000	60	31	0
2026.08.28 14:49:00	846.44000000	847.35000000	845.43000000	845.75000000	60	31	0
2026.08.28 14:50:00	845.90000000	846.35000000	845.37000000	845.64000000	59	31	0
2026.08.28 14:51:00	845.64000000	845.64000000	843.76000000	843.78000000	60	31	0
2026.08.28 14:52:00	843.73000000	844.81000000	843.34000000	843.34000000	58	31	0
2026.08.28 14:53:00	843.51000000	844.14000000	842.54000000	843.75000000	58	31	0
2026.08.28 14:54:00	843.77000000	844.35000000	842.91000000	843.21000000	55	31	0
2026.08.28 14:55:00	843.19000000	843.31000000	840.05000000	840.67000000	56	31	0
2026.08.28 14:56:00	840.68000000	841.08000000	839.46000000	840.62000000	58	31	0
2026.08.28 14:57:00	840.59000000	841.91000000	840.44000000	841.83000000	55	31	0
2026.08.28 14:58:00	841.96000000	842.44000000	840.68000000	841.47000000	58	31	0
2026.08.28 14:59:00	841.20000000	841.57000000	839.46000000	839.46000000	60	31	0
2026.08.28 15:00:00	839.61000000	840.69000000	838.67000000	840.42000000	59	31	0
2026.08.28 15:01:00	840.30000000	841.08000000	839.69000000	841.08000000	59	31	0
2026.08.28 15:02:00	841.11000000	841.84000000	840.36000000	840.36000000	59	31	0
2026.08.28 15:03:00	840.42000000	841.59000000	840.39000000	841.59000000	59	31	0
2026.08.28 15:04:00	841.60000000	842.33000000	841.12000000	841.71000000	57	31	0
2026.08.28 15:05:00	841.63000000	842.02000000	839.56000000	839.76000000	59	31	0
2026.08.28 15:06:00	839.80000000	840.44000000	838.10000000	838.10000000	59	31	0
2026.08.28 15:07:00	837.86000000	838.44000000	836.55000000	837.06000000	60	31	0
2026.08.28 15:08:00	836.90000000	837.21000000	834.73000000	835.28000000	58	31	0
2026.08.28 15:09:00	835.48000000	837.84000000	835.47000000	837.39000000	59	31	0
2026.08.28 15:10:00	837.04000000	837.04000000	835.31000000	835.52000000	59	31	0
2026.08.28 15:11:00	835.34000000	836.39000000	834.71000000	834.86000000	59	31	0
2026.08.28 15:12:00	834.86000000	834.92000000	832.94000000	832.94000000	58	31	0
2026.08.28 15:13:00	832.76000000	833.21000000	832.36000000	832.99000000	55	31	0
2026.08.28 15:14:00	832.74000000	833.56000000	832.57000000	833.56000000	59	31	0
2026.08.28 15:15:00	833.48000000	834.49000000	833.33000000	833.63000000	59	31	0
2026.08.28 15:16:00	833.66000000	834.23000000	832.65000000	833.71000000	59	31	0
2026.08.28 15:17:00	833.76000000	834.33000000	833.30000000	833.39000000	58	31	0
2026.08.28 15:18:00	833.44000000	833.99000000	832.53000000	833.50000000	58	31	0
2026.08.28 15:19:00	833.40000000	833.48000000	832.26000000	832.54000000	57	31	0
2026.08.28 15:20:00	832.57000000	832.87000000	830.83000000	831.86000000	59	31	0
2026.08.28 15:21:00	832.07000000	833.88000000	831.69000000	833.32000000	57	31	0
2026.08.28 15:22:00	833.23000000	834.92000000	833.23000000	833.60000000	60	31	0
2026.08.28 15:23:00	833.61000000	833.92000000	832.51000000	833.46000000	60	31	0
2026.08.28 15:24:00	833.41000000	833.91000000	832.54000000	833.14000000	58	31	0
2026.08.28 15:25:00	833.05000000	833.16000000	832.10000000	832.40000000	55	31	0
2026.08.28 15:26:00	832.42000000	832.91000000	831.20000000	832.63000000	58	31	0
2026.08.28 15:27:00	832.75000000	834.44000000	832.55000000	832.87000000	57	31	0
2026.08.28 15:28:00	832.63000000	834.14000000	831.86000000	833.99000000	57	31	0
2026.08.28 15:29:00	834.12000000	834.70000000	833.21000000	834.53000000	58	31	0
2026.08.28 15:30:00	834.66000000	835.65000000	833.84000000	834.10000000	60	31	0
2026.08.28 15:31:00	834.37000000	834.58000000	832.66000000	832.86000000	57	31	0
2026.08.28 15:32:00	832.77000000	833.11000000	832.11000000	833.11000000	56	31	0
2026.08.28 15:33:00	833.00000000	834.09000000	832.96000000	833.09000000	58	31	0
2026.08.28 15:34:00	832.99000000	834.14000000	832.50000000	832.89000000	57	31	0
2026.08.28 15:35:00	832.57000000	833.21000000	830.51000000	830.56000000	58	31	0
2026.08.28 15:36:00	830.66000000	831.11000000	828.97000000	829.28000000	59	31	0
2026.08.28 15:37:00	829.32000000	829.61000000	827.20000000	827.20000000	59	31	0
2026.08.28 15:38:00	826.86000000	827.38000000	826.24000000	826.71000000	60	31	0
2026.08.28 15:39:00	827.06000000	828.17000000	826.32000000	828.00000000	59	31	0
2026.08.28 15:40:00	827.80000000	828.78000000	827.45000000	828.27000000	59	31	0
2026.08.28 15:41:00	828.49000000	829.51000000	827.41000000	827.41000000	57	31	0
2026.08.28 15:42:00	827.60000000	828.96000000	827.54000000	828.93000000	59	31	0
2026.08.28 15:43:00	828.84000000	830.05000000	828.74000000	829.69000000	59	31	0
2026.08.28 15:44:00	829.71000000	830.27000000	829.08000000	830.27000000	59	31	0
2026.08.28 15:45:00	830.17000000	830.57000000	829.57000000	830.57000000	59	31	0
2026.08.28 15:46:00	830.51000000	830.61000000	828.23000000	828.50000000	60	31	0
2026.08.28 15:47:00	828.72000000	830.12000000	828.59000000	830.03000000	60	31	0
2026.08.28 15:48:00	829.93000000	831.40000000	829.34000000	829.45000000	58	31	0
2026.08.28 15:49:00	829.15000000	831.35000000	829.04000000	831.35000000	60	31	0
2026.08.28 15:50:00	831.25000000	831.64000000	830.37000000	830.93000000	59	31	0
2026.08.28 15:51:00	830.98000000	831.84000000	829.69000000	830.22000000	57	31	0
2026.08.28 15:52:00	830.20000000	830.68000000	829.72000000	830.31000000	60	31	0
2026.08.28 15:53:00	830.59000000	831.91000000	830.59000000	831.50000000	57	31	0
2026.08.28 15:54:00	831.24000000	832.51000000	830.94000000	831.36000000	57	31	0
2026.08.28 15:55:00	831.60000000	831.60000000	830.87000000	831.11000000	55	31	0
2026.08.28 15:56:00	831.07000000	833.19000000	831.07000000	832.75000000	58	31	0
2026.08.28 15:57:00	832.72000000	833.48000000	832.62000000	833.27000000	59	31	0
2026.08.28 15:58:00	833.36000000	833.95000000	832.33000000	833.14000000	58	31	0
2026.08.28 15:59:00	833.29000000	833.95000000	833.07000000	833.81000000	59	31	0
2026.08.28 16:00:00	834.11000000	836.25000000	834.11000000	836.11000000	58	31	0
2026.08.28 16:01:00	836.03000000	838.23000000	835.88000000	837.80000000	58	31	0
2026.08.28 16:02:00	837.72000000	840.33000000	837.52000000	839.95000000	59	31	0
2026.08.28 16:03:00	839.71000000	841.21000000	839.41000000	839.85000000	57	31	0
2026.08.28 16:04:00	839.52000000	840.21000000	838.64000000	838.91000000	58	31	0
2026.08.28 16:05:00	838.74000000	839.34000000	838.10000000	838.99000000	59	31	0
2026.08.28 16:06:00	838.94000000	839.52000000	837.78000000	839.52000000	60	31	0
2026.08.28 16:07:00	839.54000000	840.92000000	839.54000000	840.70000000	59	31	0
2026.08.28 16:08:00	840.73000000	842.27000000	840.56000000	840.89000000	57	31	0
2026.08.28 16:09:00	840.71000000	841.91000000	840.14000000	841.91000000	53	31	0
2026.08.28 16:10:00	842.12000000	843.08000000	842.06000000	842.48000000	59	31	0
2026.08.28 16:11:00	842.46000000	843.35000000	841.94000000	842.08000000	60	31	0
2026.08.28 16:12:00	842.02000000	842.61000000	841.36000000	841.59000000	59	31	0
2026.08.28 16:13:00	841.57000000	842.98000000	840.55000000	842.67000000	58	31	0
2026.08.28 16:14:00	842.67000000	843.89000000	842.60000000	843.07000000	56	31	0
2026.08.28 16:15:00	843.18000000	845.08000000	842.69000000	844.27000000	57	31	0
2026.08.28 16:16:00	844.16000000	845.58000000	844.08000000	845.03000000	57	31	0
2026.08.28 16:17:00	844.94000000	845.14000000	842.52000000	843.53000000	58	31	0
2026.08.28 16:18:00	843.27000000	844.22000000	843.27000000	843.73000000	60	31	0
2026.08.28 16:19:00	843.79000000	844.82000000	843.18000000	843.86000000	60	31	0
2026.08.28 16:20:00	844.01000000	844.36000000	842.18000000	842.30000000	59	31	0
2026.08.28 16:21:00	842.42000000	843.28000000	841.80000000	843.28000000	59	31	0
2026.08.28 16:22:00	843.25000000	843.75000000	842.58000000	843.45000000	55	31	0
2026.08.28 16:23:00	843.54000000	844.49000000	843.08000000	843.39000000	59	31	0
2026.08.28 16:24:00	843.25000000	843.36000000	840.56000000	840.66000000	57	31	0
2026.08.28 16:25:00	840.71000000	840.75000000	839.68000000	840.19000000	60	31	0
2026.08.28 16:26:00	839.91000000	840.23000000	838.67000000	839.17000000	59	31	0
2026.08.28 16:27:00	838.94000000	838.94000000	837.77000000	837.77000000	59	31	0
2026.08.28 16:28:00	837.89000000	838.64000000	837.41000000	838.09000000	56	31	0
2026.08.28 16:29:00	838.24000000	839.40000000	838.24000000	838.69000000	60	31	0
2026.08.28 16:30:00	838.51000000	838.51000000	837.28000000	838.44000000	59	31	0
2026.08.28 16:31:00	838.64000000	840.00000000	838.30000000	839.77000000	58	31	0
2026.08.28 16:32:00	839.87000000	840.40000000	839.48000000	839.52000000	56	31	0
2026.08.28 16:33:00	839.75000000	839.75000000	837.36000000	837.64000000	59	31	0
2026.08.28 16:34:00	837.66000000	838.47000000	836.85000000	837.47000000	56	31	0
2026.08.28 16:35:00	837.51000000	838.82000000	837.48000000	838.44000000	58	31	0
2026.08.28 16:36:00	838.66000000	838.83000000	837.98000000	838.21000000	59	31	0
2026.08.28 16:37:00	838.22000000	840.31000000	838.15000000	840.31000000	58	31	0
2026.08.28 16:38:00	840.43000000	840.45000000	839.18000000	840.37000000	57	31	0
2026.08.28 16:39:00	840.46000000	841.01000000	839.41000000	840.65000000	56	31	0
2026.08.28 16:40:00	840.58000000	843.46000000	839.76000000	843.16000000	59	31	0
2026.08.28 16:41:00	843.38000000	844.87000000	842.46000000	844.71000000	58	31	0
2026.08.28 16:42:00	844.80000000	847.26000000	844.77000000	847.11000000	60	31	0
2026.08.28 16:43:00	847.20000000	847.89000000	845.72000000	847.27000000	58	31	0
2026.08.28 16:44:00	847.24000000	848.74000000	846.88000000	848.51000000	59	31	0
2026.08.28 16:45:00	848.64000000	850.04000000	848.64000000	849.29000000	60	31	0
2026.08.28 16:46:00	849.44000000	850.43000000	848.29000000	848.46000000	60	31	0
2026.08.28 16:47:00	848.67000000	851.54000000	848.67000000	850.51000000	60	31	0
2026.08.28 16:48:00	850.39000000	852.15000000	850.24000000	852.03000000	56	31	0
2026.08.28 16:49:00	851.86000000	852.41000000	851.38000000	851.94000000	58	31	0
2026.08.28 16:50:00	851.86000000	852.89000000	850.98000000	852.57000000	60	31	0
2026.08.28 16:51:00	852.68000000	853.54000000	852.34000000	853.45000000	57	31	0
2026.08.28 16:52:00	853.35000000	854.49000000	852.58000000	854.14000000	58	31	0
2026.08.28 16:53:00	854.09000000	854.38000000	853.14000000	854.38000000	58	31	0
2026.08.28 16:54:00	854.39000000	855.33000000	854.07000000	854.25000000	58	31	0
2026.08.28 16:55:00	854.34000000	855.56000000	854.01000000	854.51000000	60	31	0
2026.08.28 16:56:00	854.27000000	855.44000000	854.14000000	854.88000000	56	31	0
2026.08.28 16:57:00	854.83000000	855.64000000	854.30000000	854.96000000	60	31	0
2026.08.28 16:58:00	855.03000000	856.19000000	854.64000000	855.78000000	59	31	0
2026.08.28 16:59:00	855.98000000	856.92000000	855.89000000	856.04000000	55	31	0
2026.08.28 17:00:00	856.22000000	857.19000000	855.35000000	856.71000000	59	31	0
2026.08.28 17:01:00	856.89000000	859.63000000	856.89000000	859.63000000	57	31	0
2026.08.28 17:02:00	859.78000000	859.78000000	858.52000000	859.27000000	59	31	0
2026.08.28 17:03:00	859.50000000	860.60000000	859.45000000	860.44000000	58	31	0
2026.08.28 17:04:00	860.66000000	861.48000000	860.17000000	861.40000000	58	31	0
2026.08.28 17:05:00	861.27000000	861.91000000	860.15000000	861.68000000	57	31	0
2026.08.28 17:06:00	861.57000000	862.22000000	860.15000000	860.34000000	58	31	0
2026.08.28 17:07:00	860.23000000	861.59000000	859.62000000	859.68000000	59	31	0
2026.08.28 17:08:00	859.62000000	860.14000000	858.43000000	858.56000000	56	31	0
2026.08.28 17:09:00	858.56000000	860.19000000	858.30000000	860.19000000	59	31	0
2026.08.28 17:10:00	860.27000000	860.53000000	859.70000000	860.41000000	58	31	0
2026.08.28 17:11:00	860.42000000	860.96000000	859.59000000	860.02000000	60	31	0
2026.08.28 17:12:00	860.13000000	861.21000000	859.73000000	861.21000000	59	31	0
2026.08.28 17:13:00	861.45000000	862.99000000	861.45000000	861.77000000	59	31	0
2026.08.28 17:14:00	861.58000000	863.20000000	861.03000000	861.81000000	60	31	0
2026.08.28 17:15:00	861.87000000	862.35000000	861.29000000	862.35000000	59	31	0
2026.08.28 17:16:00	862.13000000	863.12000000	861.56000000	863.12000000	59	31	0
2026.08.28 17:17:00	863.20000000	864.07000000	862.55000000	863.34000000	59	31	0
2026.08.28 17:18:00	863.15000000	864.88000000	862.98000000	864.88000000	60	31	0
2026.08.28 17:19:00	864.67000000	865.50000000	864.29000000	864.56000000	58	31	0
2026.08.28 17:20:00	864.56000000	865.97000000	864.37000000	865.32000000	57	31	0
2026.08.28 17:21:00	865.39000000	866.07000000	865.06000000	865.24000000	57	31	0
2026.08.28 17:22:00	865.10000000	866.00000000	864.48000000	865.07000000	60	31	0
2026.08.28 17:23:00	865.23000000	866.50000000	864.75000000	865.33000000	59	31	0
2026.08.28 17:24:00	865.37000000	866.89000000	865.00000000	866.65000000	58	31	0
2026.08.28 17:25:00	866.78000000	867.40000000	865.64000000	866.25000000	58	31	0
2026.08.28 17:26:00	866.22000000	866.33000000	863.99000000	864.54000000	58	31	0
2026.08.28 17:27:00	864.59000000	864.69000000	863.54000000	863.65000000	59	31	0
2026.08.28 17:28:00	863.57000000	867.10000000	863.49000000	866.42000000	58	31	0
2026.08.28 17:29:00	866.47000000	867.00000000	865.64000000	866.70000000	60	31	0
2026.08.28 17:30:00	866.64000000	867.06000000	865.04000000	865.65000000	59	31	0
2026.08.28 17:31:00	865.50000000	866.43000000	864.34000000	866.16000000	60	31	0
2026.08.28 17:32:00	866.09000000	867.12000000	865.69000000	867.12000000	60	31	0
2026.08.28 17:33:00	867.13000000	868.21000000	866.98000000	867.66000000	58	31	0
2026.08.28 17:34:00	867.72000000	868.54000000	867.63000000	868.02000000	58	31	0
2026.08.28 17:35:00	867.85000000	868.58000000	867.13000000	867.83000000	59	31	0
2026.08.28 17:36:00	868.04000000	868.91000000	867.22000000	868.91000000	60	31	0
2026.08.28 17:37:00	868.88000000	871.91000000	868.88000000	871.20000000	58	31	0
2026.08.28 17:38:00	871.19000000	872.85000000	871.19000000	872.84000000	57	31	0
2026.08.28 17:39:00	872.89000000	872.90000000	871.97000000	871.97000000	58	31	0
2026.08.28 17:40:00	871.83000000	872.39000000	871.16000000	872.10000000	60	31	0
2026.08.28 17:41:00	871.96000000	871.96000000	869.17000000	869.23000000	58	31	0
2026.08.28 17:42:00	869.50000000	870.16000000	868.95000000	869.32000000	59	31	0
2026.08.28 17:43:00	869.32000000	870.73000000	869.28000000	870.73000000	58	31	0
2026.08.28 17:44:00	870.92000000	870.92000000	868.81000000	868.88000000	56	31	0
2026.08.28 17:45:00	868.81000000	869.54000000	867.98000000	868.80000000	60	31	0
2026.08.28 17:46:00	868.53000000	868.58000000	866.72000000	867.41000000	59	31	0
2026.08.28 17:47:00	867.50000000	868.30000000	867.05000000	867.40000000	60	31	0
2026.08.28 17:48:00	867.18000000	867.35000000	865.54000000	865.88000000	57	31	0
2026.08.28 17:49:00	865.87000000	867.39000000	865.79000000	866.88000000	57	31	0
2026.08.28 17:50:00	866.65000000	868.81000000	866.22000000	868.81000000	56	31	0
2026.08.28 17:51:00	868.95000000	869.54000000	868.57000000	868.73000000	57	31	0
2026.08.28 17:52:00	868.82000000	869.35000000	866.69000000	866.72000000	59	31	0
2026.08.28 17:53:00	866.41000000	867.64000000	866.19000000	866.86000000	59	31	0
2026.08.28 17:54:00	866.93000000	867.65000000	865.72000000	865.83000000	55	31	0
2026.08.28 17:55:00	865.53000000	865.94000000	864.11000000	864.11000000	56	31	0
2026.08.28 17:56:00	864.09000000	864.49000000	863.05000000	864.10000000	60	31	0
2026.08.28 17:57:00	863.98000000	865.80000000	863.92000000	865.22000000	59	31	0
2026.08.28 17:58:00	865.48000000	866.92000000	864.29000000	866.92000000	59	31	0
2026.08.28 17:59:00	867.10000000	867.77000000	867.08000000	867.46000000	58	31	0
2026.08.28 18:00:00	867.53000000	869.13000000	867.09000000	868.96000000	60	31	0
2026.08.28 18:01:00	869.29000000	870.00000000	868.42000000	869.33000000	59	31	0
2026.08.28 18:02:00	869.39000000	870.72000000	869.03000000	870.42000000	59	31	0
2026.08.28 18:03:00	870.46000000	870.48000000	869.37000000	869.92000000	60	31	0
2026.08.28 18:04:00	869.94000000	870.37000000	869.27000000	870.17000000	57	31	0
2026.08.28 18:05:00	870.15000000	871.33000000	868.82000000	870.90000000	59	31	0
2026.08.28 18:06:00	870.67000000	872.59000000	870.63000000	872.59000000	60	31	0
2026.08.28 18:07:00	872.77000000	873.89000000	872.44000000	873.20000000	57	31	0
2026.08.28 18:08:00	873.04000000	873.10000000	871.77000000	872.49000000	60	31	0
2026.08.28 18:09:00	872.67000000	873.19000000	872.35000000	872.81000000	58	31	0
2026.08.28 18:10:00	872.96000000	873.31000000	871.94000000	872.93000000	57	31	0
2026.08.28 18:11:00	873.03000000	873.59000000	872.08000000	872.08000000	58	31	0
2026.08.28 18:12:00	872.16000000	873.88000000	872.16000000	873.88000000	56	31	0
2026.08.28 18:13:00	874.02000000	876.09000000	873.65000000	875.04000000	58	31	0
2026.08.28 18:14:00	874.88000000	874.96000000	873.71000000	874.65000000	60	31	0
2026.08.28 18:15:00	875.02000000	875.73000000	874.43000000	874.66000000	57	31	0
2026.08.28 18:16:00	874.74000000	874.96000000	872.91000000	873.44000000	59	31	0
2026.08.28 18:17:00	873.47000000	874.14000000	872.52000000	873.45000000	57	31	0
2026.08.28 18:18:00	873.38000000	873.59000000	871.68000000	872.84000000	58	31	0
2026.08.28 18:19:00	872.67000000	874.00000000	872.67000000	873.84000000	57	31	0
2026.08.28 18:20:00	873.87000000	874.87000000	872.74000000	874.87000000	60	31	0
2026.08.28 18:21:00	874.96000000	875.64000000	873.77000000	873.90000000	58	31	0
2026.08.28 18:22:00	874.13000000	875.11000000	873.97000000	874.09000000	59	31	0
2026.08.28 18:23:00	874.09000000	874.68000000	873.17000000	874.03000000	59	31	0
2026.08.28 18:24:00	873.86000000	874.79000000	873.51000000	873.95000000	59	31	0
2026.08.28 18:25:00	874.11000000	875.76000000	874.06000000	875.76000000	60	31	0
2026.08.28 18:26:00	875.40000000	878.78000000	875.40000000	878.78000000	60	31	0
2026.08.28 18:27:00	878.62000000	878.62000000	877.66000000	878.23000000	59	31	0
2026.08.28 18:28:00	878.56000000	879.98000000	878.08000000	879.98000000	58	31	0
2026.08.28 18:29:00	880.10000000	880.88000000	880.03000000	880.16000000	59	31	0
2026.08.28 18:30:00	880.36000000	880.99000000	878.97000000	879.62000000	60	31	0
2026.08.28 18:31:00	879.68000000	880.51000000	878.80000000	880.34000000	60	31	0
2026.08.28 18:32:00	880.26000000	880.87000000	879.45000000	880.50000000	60	31	0
2026.08.28 18:33:00	880.47000000	882.05000000	879.91000000	882.05000000	59	31	0
2026.08.28 18:34:00	882.02000000	882.36000000	881.07000000	881.75000000	58	31	0
2026.08.28 18:35:00	881.70000000	882.70000000	881.24000000	881.52000000	59	31	0
2026.08.28 18:36:00	881.65000000	882.67000000	881.34000000	881.44000000	58	31	0
2026.08.28 18:37:00	881.25000000	881.43000000	880.20000000	881.43000000	59	31	0
2026.08.28 18:38:00	881.41000000	881.94000000	880.83000000	880.83000000	56	31	0
2026.08.28 18:39:00	880.65000000	882.39000000	880.41000000	882.39000000	59	31	0
2026.08.28 18:40:00	882.40000000	882.82000000	881.58000000	882.38000000	60	31	0
2026.08.28 18:41:00	882.30000000	883.40000000	881.62000000	883.23000000	59	31	0
2026.08.28 18:42:00	883.18000000	884.53000000	883.18000000	883.48000000	60	31	0
2026.08.28 18:43:00	883.30000000	884.17000000	881.09000000	881.43000000	58	31	0
2026.08.28 18:44:00	881.33000000	881.89000000	878.43000000	878.73000000	58	31	0
2026.08.28 18:45:00	878.78000000	878.78000000	876.58000000	876.75000000	59	31	0
2026.08.28 18:46:00	876.64000000	877.51000000	876.16000000	876.62000000	59	31	0
2026.08.28 18:47:00	876.62000000	877.45000000	876.17000000	877.25000000	59	31	0
2026.08.28 18:48:00	877.42000000	877.60000000	876.50000000	877.02000000	58	31	0
2026.08.28 18:49:00	876.95000000	876.95000000	874.54000000	874.96000000	60	31	0
2026.08.28 18:50:00	874.95000000	876.20000000	874.58000000	875.98000000	59	31	0
2026.08.28 18:51:00	876.07000000	877.01000000	876.00000000	876.35000000	59	31	0
2026.08.28 18:52:00	876.51000000	878.15000000	875.62000000	878.15000000	57	31	0
2026.08.28 18:53:00	877.91000000	880.62000000	877.61000000	880.41000000	59	31	0
2026.08.28 18:54:00	880.48000000	880.97000000	878.94000000	879.84000000	59	31	0
2026.08.28 18:55:00	879.73000000	880.11000000	879.03000000	879.60000000	59	31	0
2026.08.28 18:56:00	879.56000000	879.73000000	878.44000000	879.21000000	59	31	0
2026.08.28 18:57:00	879.37000000	880.66000000	879.13000000	879.87000000	58	31	0
2026.08.28 18:58:00	879.57000000	880.10000000	878.87000000	879.60000000	59	31	0
2026.08.28 18:59:00	879.45000000	880.48000000	879.08000000	880.10000000	60	31	0
2026.08.28 19:00:00	880.37000000	880.73000000	878.57000000	879.00000000	59	31	0
2026.08.28 19:01:00	878.85000000	879.15000000	878.48000000	878.63000000	56	31	0
2026.08.28 19:02:00	878.64000000	880.79000000	878.64000000	880.79000000	59	31	0
2026.08.28 19:03:00	880.68000000	881.94000000	880.67000000	881.37000000	57	31	0
2026.08.28 19:04:00	881.48000000	881.85000000	879.90000000	879.90000000	58	31	0
2026.08.28 19:05:00	879.88000000	881.52000000	879.88000000	881.15000000	58	31	0
2026.08.28 19:06:00	881.07000000	883.03000000	881.07000000	882.97000000	59	31	0
2026.08.28 19:07:00	883.02000000	883.85000000	882.64000000	883.79000000	60	31	0
2026.08.28 19:08:00	883.52000000	884.62000000	883.28000000	884.26000000	57	31	0
2026.08.28 19:09:00	884.24000000	885.16000000	884.09000000	884.45000000	58	31	0
2026.08.28 19:10:00	884.42000000	885.31000000	883.98000000	884.64000000	60	31	0
2026.08.28 19:11:00	884.62000000	885.87000000	884.01000000	884.98000000	55	31	0
2026.08.28 19:12:00	884.66000000	885.67000000	883.41000000	883.41000000	59	31	0
2026.08.28 19:13:00	883.44000000	884.95000000	883.38000000	884.91000000	58	31	0
2026.08.28 19:14:00	885.25000000	885.86000000	884.46000000	884.68000000	60	31	0
2026.08.28 19:15:00	884.73000000	885.63000000	884.37000000	885.62000000	60	31	0
2026.08.28 19:16:00	885.86000000	886.81000000	885.50000000	885.63000000	58	31	0
2026.08.28 19:17:00	885.61000000	885.89000000	883.32000000	883.70000000	60	31	0
2026.08.28 19:18:00	883.74000000	884.47000000	883.03000000	883.95000000	59	31	0
2026.08.28 19:19:00	883.79000000	883.79000000	882.20000000	882.59000000	59	31	0
2026.08.28 19:20:00	882.60000000	883.38000000	881.95000000	883.38000000	58	31	0
2026.08.28 19:21:00	883.27000000	884.32000000	882.76000000	883.63000000	58	31	0
2026.08.28 19:22:00	883.64000000	884.34000000	882.91000000	884.34000000	57	31	0
2026.08.28 19:23:00	884.34000000	885.16000000	883.91000000	884.43000000	60	31	0
2026.08.28 19:24:00	884.51000000	885.91000000	884.38000000	885.01000000	58	31	0
2026.08.28 19:25:00	884.89000000	886.37000000	884.36000000	885.82000000	60	31	0
2026.08.28 19:26:00	885.86000000	887.64000000	885.31000000	887.61000000	58	31	0
2026.08.28 19:27:00	887.62000000	888.06000000	886.49000000	886.49000000	58	31	0
2026.08.28 19:28:00	886.38000000	887.98000000	886.36000000	886.97000000	55	31	0
2026.08.28 19:29:00	886.68000000	888.49000000	886.47000000	888.49000000	59	31	0
2026.08.28 19:30:00	888.41000000	890.22000000	887.61000000	889.65000000	58	31	0
2026.08.28 19:31:00	889.55000000	890.11000000	888.14000000	888.97000000	57	31	0
2026.08.28 19:32:00	889.21000000	889.55000000	888.11000000	888.49000000	59	31	0
2026.08.28 19:33:00	888.68000000	888.73000000	887.23000000	887.38000000	56	31	0
2026.08.28 19:34:00	887.35000000	888.41000000	887.18000000	888.32000000	60	31	0
2026.08.28 19:35:00	888.36000000	889.02000000	887.53000000	887.99000000	60	31	0
2026.08.28 19:36:00	887.95000000	889.69000000	887.82000000	889.69000000	58	31	0
2026.08.28 19:37:00	889.81000000	891.16000000	889.74000000	890.45000000	58	31	0
2026.08.28 19:38:00	890.39000000	890.64000000	888.34000000	888.54000000	60	31	0
2026.08.28 19:39:00	888.23000000	890.31000000	888.07000000	890.31000000	60	31	0
2026.08.28 19:40:00	890.50000000	891.82000000	890.20000000	890.23000000	59	31	0
2026.08.28 19:41:00	890.55000000	890.89000000	889.23000000	890.89000000	59	31	0
2026.08.28 19:42:00	890.71000000	891.19000000	890.05000000	890.83000000	58	31	0
2026.08.28 19:43:00	890.75000000	891.07000000	889.70000000	890.83000000	57	31	0
2026.08.28 19:44:00	890.89000000	892.82000000	890.86000000	891.85000000	60	31	0
2026.08.28 19:45:00	891.72000000	893.86000000	891.54000000	893.50000000	58	31	0
2026.08.28 19:46:00	893.58000000	893.58000000	892.02000000	892.02000000	57	31	0
2026.08.28 19:47:00	891.93000000	891.93000000	889.44000000	889.78000000	52	31	0
2026.08.28 19:48:00	889.87000000	891.01000000	889.10000000	890.01000000	59	31	0
2026.08.28 19:49:00	889.93000000	891.86000000	889.75000000	891.72000000	58	31	0
2026.08.28 19:50:00	891.74000000	892.90000000	891.45000000	892.13000000	59	31	0
2026.08.28 19:51:00	892.20000000	893.07000000	892.13000000	892.85000000	58	31	0
2026.08.28 19:52:00	892.49000000	892.49000000	890.95000000	891.20000000	57	31	0
2026.08.28 19:53:00	891.15000000	894.56000000	891.06000000	893.09000000	60	31	0
2026.08.28 19:54:00	893.23000000	893.93000000	892.58000000	893.41000000	59	31	0
2026.08.28 19:55:00	893.45000000	893.92000000	892.63000000	893.66000000	59	31	0
2026.08.28 19:56:00	893.44000000	893.95000000	892.52000000	893.94000000	57	31	0
2026.08.28 19:57:00	893.93000000	894.60000000	892.82000000	894.35000000	56	31	0
2026.08.28 19:58:00	894.49000000	896.49000000	894.49000000	895.73000000	60	31	0
2026.08.28 19:59:00	895.35000000	895.66000000	894.15000000	895.47000000	58	31	0
2026.08.28 20:00:00	895.33000000	895.33000000	892.34000000	892.87000000	60	31	0
2026.08.28 20:01:00	893.15000000	894.04000000	892.80000000	893.55000000	58	31	0
2026.08.28 20:02:00	893.39000000	893.87000000	893.07000000	893.07000000	59	31	0
2026.08.28 20:03:00	893.04000000	894.10000000	892.52000000	894.10000000	59	31	0
2026.08.28 20:04:00	894.04000000	896.51000000	894.00000000	896.31000000	59	31	0
2026.08.28 20:05:00	896.38000000	896.50000000	894.01000000	895.47000000	58	31	0
2026.08.28 20:06:00	895.70000000	896.78000000	895.21000000	896.63000000	59	31	0
2026.08.28 20:07:00	896.80000000	898.44000000	896.45000000	898.44000000	57	31	0
2026.08.28 20:08:00	898.13000000	899.08000000	897.41000000	898.43000000	58	31	0
2026.08.28 20:09:00	898.48000000	898.57000000	897.46000000	898.09000000	59	31	0
2026.08.28 20:10:00	897.88000000	899.51000000	897.33000000	899.42000000	59	31	0
2026.08.28 20:11:00	899.39000000	899.56000000	897.84000000	897.84000000	58	31	0
2026.08.28 20:12:00	898.29000000	898.65000000	896.34000000	897.78000000	59	31	0
2026.08.28 20:13:00	897.87000000	898.32000000	897.19000000	898.08000000	58	31	0
2026.08.28 20:14:00	898.07000000	899.05000000	897.62000000	897.68000000	60	31	0
2026.08.28 20:15:00	897.67000000	899.62000000	897.10000000	899.34000000	57	31	0
2026.08.28 20:16:00	899.26000000	902.21000000	899.24000000	902.00000000	58	31	0
2026.08.28 20:17:00	901.93000000	903.41000000	901.85000000	902.42000000	59	31	0
2026.08.28 20:18:00	902.34000000	902.34000000	901.11000000	902.07000000	58	31	0
2026.08.28 20:19:00	902.24000000	904.30000000	901.98000000	904.30000000	60	31	0
2026.08.28 20:20:00	904.56000000	906.17000000	904.56000000	905.02000000	57	31	0
2026.08.28 20:21:00	904.85000000	906.65000000	904.85000000	906.06000000	59	31	0
2026.08.28 20:22:00	905.94000000	906.19000000	904.02000000	904.02000000	58	31	0
2026.08.28 20:23:00	904.03000000	904.95000000	903.69000000	904.25000000	59	31	0
2026.08.28 20:24:00	904.19000000	904.85000000	902.70000000	903.17000000	59	31	0
2026.08.28 20:25:00	903.26000000	903.26000000	901.13000000	901.98000000	59	31	0
2026.08.28 20:26:00	901.91000000	903.89000000	901.91000000	903.50000000	58	31	0
2026.08.28 20:27:00	903.86000000	904.29000000	902.57000000	903.37000000	59	31	0
2026.08.28 20:28:00	903.58000000	904.40000000	903.12000000	903.58000000	60	31	0
2026.08.28 20:29:00	903.71000000	905.35000000	903.55000000	905.35000000	57	31	0
2026.08.28 20:30:00	905.22000000	907.42000000	905.02000000	907.31000000	58	31	0
2026.08.28 20:31:00	907.34000000	908.26000000	906.87000000	907.23000000	59	31	0
2026.08.28 20:32:00	907.06000000	907.20000000	905.04000000	905.17000000	58	31	0
2026.08.28 20:33:00	905.13000000	905.94000000	904.83000000	905.31000000	59	31	0
2026.08.28 20:34:00	905.56000000	906.13000000	903.95000000	903.95000000	58	31	0
2026.08.28 20:35:00	903.94000000	904.72000000	903.11000000	904.33000000	58	31	0
2026.08.28 20:36:00	904.78000000	906.20000000	904.46000000	906.08000000	58	31	0
2026.08.28 20:37:00	906.17000000	906.17000000	904.64000000	905.77000000	59	31	0
2026.08.28 20:38:00	905.69000000	906.41000000	904.67000000	905.77000000	58	31	0
2026.08.28 20:39:00	905.64000000	907.55000000	904.95000000	907.49000000	59	31	0
2026.08.28 20:40:00	907.51000000	907.90000000	906.86000000	907.22000000	58	31	0
2026.08.28 20:41:00	907.36000000	908.65000000	906.78000000	907.70000000	60	31	0
2026.08.28 20:42:00	907.29000000	908.48000000	906.62000000	908.48000000	59	31	0
2026.08.28 20:43:00	908.43000000	908.58000000	906.06000000	907.96000000	59	31	0
2026.08.28 20:44:00	908.21000000	908.51000000	906.99000000	908.31000000	59	31	0
2026.08.28 20:45:00	908.05000000	910.26000000	908.05000000	909.21000000	60	31	0
2026.08.28 20:46:00	909.07000000	910.77000000	908.88000000	910.31000000	59	31	0
2026.08.28 20:47:00	910.53000000	911.77000000	910.19000000	910.28000000	59	31	0
2026.08.28 20:48:00	910.43000000	912.21000000	910.43000000	912.09000000	57	31	0
2026.08.28 20:49:00	912.00000000	912.00000000	909.96000000	910.85000000	58	31	0
2026.08.28 20:50:00	910.74000000	910.74000000	908.17000000	908.31000000	58	31	0
2026.08.28 20:51:00	908.52000000	909.18000000	907.02000000	907.29000000	59	31	0
2026.08.28 20:52:00	907.29000000	908.26000000	905.55000000	906.24000000	56	31	0
2026.08.28 20:53:00	906.14000000	906.46000000	904.42000000	905.46000000	60	31	0
2026.08.28 20:54:00	905.50000000	906.12000000	904.72000000	905.53000000	59	31	0
2026.08.28 20:55:00	905.38000000	906.34000000	904.95000000	906.34000000	58	31	0
2026.08.28 20:56:00	906.44000000	906.81000000	904.48000000	904.48000000	58	31	0
2026.08.28 20:57:00	904.55000000	904.59000000	901.92000000	902.04000000	60	31	0
2026.08.28 20:58:00	902.20000000	904.57000000	902.08000000	903.71000000	60	31	0
2026.08.28 20:59:00	903.74000000	904.19000000	903.22000000	903.81000000	59	31	0
2026.08.28 21:00:00	903.83000000	904.18000000	902.44000000	902.99000000	56	31	0
2026.08.28 21:01:00	903.15000000	904.34000000	902.96000000	903.49000000	57	31	0
2026.08.28 21:02:00	903.36000000	903.88000000	902.07000000	902.07000000	58	31	0
2026.08.28 21:03:00	902.12000000	904.59000000	901.90000000	904.59000000	57	31	0
2026.08.28 21:04:00	904.76000000	905.14000000	903.60000000	904.02000000	59	31	0
2026.08.28 21:05:00	903.93000000	904.03000000	901.84000000	902.81000000	59	31	0
2026.08.28 21:06:00	902.60000000	903.79000000	902.20000000	902.85000000	59	31	0
2026.08.28 21:07:00	903.06000000	904.96000000	902.52000000	903.50000000	56	31	0
2026.08.28 21:08:00	903.57000000	905.31000000	902.99000000	905.03000000	58	31	0
2026.08.28 21:09:00	905.01000000	906.23000000	904.79000000	905.81000000	58	31	0
2026.08.28 21:10:00	905.70000000	906.41000000	905.52000000	905.92000000	59	31	0
2026.08.28 21:11:00	905.80000000	907.54000000	905.26000000	905.26000000	58	31	0
2026.08.28 21:12:00	905.15000000	905.15000000	903.43000000	903.43000000	59	31	0
2026.08.28 21:13:00	903.23000000	903.53000000	902.36000000	903.14000000	58	31	0
2026.08.28 21:14:00	903.24000000	903.29000000	900.58000000	900.58000000	59	31	0
2026.08.28 21:15:00	900.58000000	901.92000000	900.13000000	900.52000000	60	31	0
2026.08.28 21:16:00	900.78000000	902.12000000	900.49000000	901.42000000	59	31	0
2026.08.28 21:17:00	900.98000000	901.35000000	898.22000000	898.43000000	58	31	0
2026.08.28 21:18:00	898.49000000	899.80000000	898.25000000	899.80000000	59	31	0
2026.08.28 21:19:00	899.75000000	899.75000000	896.56000000	898.01000000	60	31	0
2026.08.28 21:20:00	897.93000000	897.97000000	896.20000000	897.84000000	59	31	0
2026.08.28 21:21:00	897.89000000	898.22000000	896.89000000	897.68000000	59	31	0
2026.08.28 21:22:00	897.71000000	899.14000000	897.51000000	899.01000000	59	31	0
2026.08.28 21:23:00	898.96000000	899.53000000	898.41000000	899.11000000	59	31	0
2026.08.28 21:24:00	898.71000000	899.12000000	897.39000000	898.69000000	60	31	0
2026.08.28 21:25:00	898.57000000	899.47000000	897.96000000	898.85000000	58	31	0
2026.08.28 21:26:00	898.82000000	901.39000000	898.75000000	900.93000000	59	31	0
2026.08.28 21:27:00	900.96000000	901.52000000	900.14000000	900.61000000	59	31	0
2026.08.28 21:28:00	900.40000000	901.38000000	899.65000000	899.73000000	59	31	0
2026.08.28 21:29:00	899.59000000	900.72000000	898.95000000	899.95000000	58	31	0
2026.08.28 21:30:00	900.00000000	900.18000000	898.12000000	898.17000000	59	31	0
2026.08.28 21:31:00	898.11000000	900.10000000	898.01000000	899.44000000	59	31	0
2026.08.28 21:32:00	899.43000000	900.62000000	898.50000000	900.46000000	58	31	0
2026.08.28 21:33:00	900.73000000	900.93000000	899.50000000	899.69000000	60	31	0
2026.08.28 21:34:00	899.64000000	900.28000000	899.29000000	900.13000000	59	31	0
2026.08.28 21:35:00	900.11000000	900.65000000	899.07000000	899.12000000	57	31	0
2026.08.28 21:36:00	899.07000000	900.12000000	898.27000000	898.42000000	58	31	0
2026.08.28 21:37:00	898.39000000	898.52000000	895.53000000	895.53000000	59	31	0
2026.08.28 21:38:00	895.67000000	896.71000000	895.35000000	896.14000000	59	31	0
2026.08.28 21:39:00	896.28000000	896.67000000	895.30000000	895.89000000	57	31	0
2026.08.28 21:40:00	895.81000000	896.53000000	895.29000000	896.52000000	58	31	0
2026.08.28 21:41:00	896.40000000	897.48000000	895.36000000	895.78000000	57	31	0
2026.08.28 21:42:00	895.43000000	897.09000000	895.24000000	896.19000000	59	31	0
2026.08.28 21:43:00	896.07000000	896.63000000	894.91000000	896.62000000	59	31	0
2026.08.28 21:44:00	896.78000000	897.85000000	896.78000000	897.85000000	55	31	0
2026.08.28 21:45:00	897.84000000	898.05000000	895.70000000	897.29000000	60	31	0
2026.08.28 21:46:00	897.13000000	898.16000000	896.64000000	897.44000000	58	31	0
2026.08.28 21:47:00	897.45000000	899.13000000	896.65000000	896.82000000	60	31	0
2026.08.28 21:48:00	896.82000000	898.10000000	896.67000000	897.03000000	59	31	0
2026.08.28 21:49:00	896.82000000	899.32000000	896.82000000	897.87000000	58	31	0
2026.08.28 21:50:00	897.91000000	898.79000000	897.29000000	898.53000000	57	31	0
2026.08.28 21:51:00	898.63000000	898.96000000	897.62000000	898.55000000	58	31	0
2026.08.28 21:52:00	898.84000000	899.46000000	897.99000000	898.74000000	59	31	0
2026.08.28 21:53:00	898.67000000	899.30000000	897.60000000	898.90000000	58	31	0
2026.08.28 21:54:00	898.87000000	899.04000000	897.32000000	898.67000000	59	31	0
2026.08.28 21:55:00	898.89000000	900.07000000	898.58000000	899.20000000	60	31	0
2026.08.28 21:56:00	899.23000000	899.58000000	896.71000000	897.11000000	59	31	0
2026.08.28 21:57:00	897.26000000	897.78000000	896.13000000	896.48000000	59	31	0
2026.08.28 21:58:00	896.50000000	896.66000000	895.31000000	895.40000000	60	31	0
2026.08.28 21:59:00	895.38000000	896.66000000	894.97000000	896.35000000	56	31	0
2026.08.28 22:00:00	896.51000000	897.98000000	896.42000000	897.85000000	58	31	0
2026.08.28 22:01:00	898.14000000	898.25000000	895.96000000	896.08000000	57	31	0
2026.08.28 22:02:00	896.04000000	898.05000000	896.04000000	897.71000000	58	31	0
2026.08.28 22:03:00	897.86000000	898.24000000	896.55000000	896.72000000	59	31	0
2026.08.28 22:04:00	896.73000000	896.84000000	895.34000000	895.34000000	58	31	0
2026.08.28 22:05:00	895.27000000	895.62000000	894.30000000	895.22000000	59	31	0
2026.08.28 22:06:00	895.36000000	895.53000000	893.63000000	894.10000000	59	31	0
2026.08.28 22:07:00	894.03000000	894.50000000	891.51000000	891.84000000	57	31	0
2026.08.28 22:08:00	892.18000000	892.18000000	889.46000000	890.78000000	60	31	0
2026.08.28 22:09:00	890.96000000	891.55000000	887.90000000	888.13000000	60	31	0
2026.08.28 22:10:00	888.31000000	891.19000000	887.68000000	890.49000000	60	31	0
2026.08.28 22:11:00	890.75000000	890.97000000	889.57000000	890.43000000	57	31	0
2026.08.28 22:12:00	890.62000000	891.38000000	889.57000000	890.76000000	58	31	0
2026.08.28 22:13:00	890.73000000	890.89000000	888.51000000	888.82000000	59	31	0
2026.08.28 22:14:00	888.55000000	888.64000000	886.87000000	887.10000000	59	31	0
2026.08.28 22:15:00	887.30000000	887.30000000	885.26000000	885.54000000	60	31	0
2026.08.28 22:16:00	885.68000000	885.73000000	884.87000000	885.42000000	57	31	0
2026.08.28 22:17:00	885.55000000	885.93000000	884.28000000	884.42000000	59	31	0
2026.08.28 22:18:00	884.61000000	885.63000000	884.39000000	884.59000000	60	31	0
2026.08.28 22:19:00	884.47000000	885.29000000	883.56000000	885.29000000	60	31	0
2026.08.28 22:20:00	885.39000000	886.52000000	885.30000000	885.51000000	58	31	0
2026.08.28 22:21:00	885.55000000	885.61000000	884.14000000	884.23000000	60	31	0
2026.08.28 22:22:00	884.30000000	884.69000000	883.51000000	884.59000000	59	31	0
2026.08.28 22:23:00	884.69000000	885.07000000	883.54000000	884.74000000	59	31	0
2026.08.28 22:24:00	884.92000000	884.92000000	882.45000000	882.84000000	59	31	0
2026.08.28 22:25:00	883.22000000	884.18000000	882.58000000	882.58000000	59	31	0
2026.08.28 22:26:00	882.56000000	883.60000000	882.33000000	882.92000000	58	31	0
2026.08.28 22:27:00	883.15000000	883.37000000	880.93000000	880.93000000	58	31	0
2026.08.28 22:28:00	881.12000000	881.23000000	879.15000000	880.35000000	59	31	0
2026.08.28 22:29:00	880.40000000	882.38000000	880.35000000	881.66000000	59	31	0
2026.08.28 22:30:00	881.60000000	882.13000000	880.92000000	881.47000000	59	31	0
2026.08.28 22:31:00	881.67000000	881.67000000	879.31000000	879.31000000	59	31	0
2026.08.28 22:32:00	879.35000000	880.27000000	877.10000000	877.18000000	57	31	0
2026.08.28 22:33:00	877.14000000	877.14000000	875.85000000	876.74000000	59	31	0
2026.08.28 22:34:00	877.01000000	877.40000000	876.09000000	876.54000000	59	31	0
2026.08.28 22:35:00	876.70000000	877.55000000	875.92000000	876.96000000	59	31	0
2026.08.28 22:36:00	877.10000000	878.04000000	876.71000000	877.46000000	59	31	0
2026.08.28 22:37:00	877.19000000	877.97000000	876.14000000	876.32000000	60	31	0
2026.08.28 22:38:00	876.34000000	877.24000000	876.06000000	876.93000000	59	31	0
2026.08.28 22:39:00	876.78000000	876.78000000	875.33000000	875.48000000	59	31	0
2026.08.28 22:40:00	875.27000000	875.91000000	873.45000000	873.80000000	59	31	0
2026.08.28 22:41:00	873.70000000	874.05000000	872.23000000	872.97000000	59	31	0
2026.08.28 22:42:00	872.80000000	874.39000000	872.67000000	874.29000000	58	31	0
2026.08.28 22:43:00	874.20000000	875.70000000	873.86000000	875.33000000	60	31	0
2026.08.28 22:44:00	875.48000000	876.98000000	874.68000000	876.98000000	58	31	0
2026.08.28 22:45:00	877.00000000	878.27000000	876.28000000	878.27000000	60	31	0
2026.08.28 22:46:00	878.28000000	878.31000000	876.81000000	877.59000000	58	31	0
2026.08.28 22:47:00	877.43000000	878.43000000	876.58000000	878.35000000	58	31	0
2026.08.28 22:48:00	878.29000000	879.35000000	877.88000000	878.66000000	60	31	0
2026.08.28 22:49:00	878.73000000	879.90000000	878.73000000	879.71000000	59	31	0
2026.08.28 22:50:00	879.72000000	880.70000000	877.28000000	877.28000000	58	31	0
2026.08.28 22:51:00	877.17000000	877.55000000	876.04000000	876.50000000	60	31	0
2026.08.28 22:52:00	876.56000000	877.30000000	876.35000000	876.43000000	60	31	0
2026.08.28 22:53:00	876.59000000	876.59000000	873.87000000	873.87000000	58	31	0
2026.08.28 22:54:00	873.91000000	875.08000000	873.06000000	873.37000000	59	31	0
2026.08.28 22:55:00	873.32000000	874.10000000	873.25000000	873.91000000	58	31	0
2026.08.28 22:56:00	873.75000000	874.37000000	873.61000000	873.99000000	55	31	0
2026.08.28 22:57:00	874.15000000	874.29000000	872.44000000	872.65000000	56	31	0
2026.08.28 22:58:00	872.66000000	873.04000000	869.75000000	869.75000000	57	31	0
2026.08.28 22:59:00	869.47000000	869.66000000	868.54000000	868.54000000	58	31	0
2026.08.28 23:00:00	868.35000000	868.35000000	867.13000000	867.79000000	57	31	0
2026.08.28 23:01:00	867.85000000	868.72000000	865.58000000	866.00000000	56	31	0
2026.08.28 23:02:00	866.18000000	867.53000000	866.16000000	866.78000000	60	31	0
2026.08.28 23:03:00	866.68000000	867.89000000	866.66000000	866.67000000	59	31	0
2026.08.28 23:04:00	866.54000000	867.27000000	865.84000000	867.14000000	56	31	0
2026.08.28 23:05:00	867.27000000	867.33000000	865.46000000	865.88000000	57	31	0
2026.08.28 23:06:00	865.75000000	866.99000000	865.64000000	866.95000000	58	31	0
2026.08.28 23:07:00	866.69000000	868.45000000	866.69000000	868.45000000	59	31	0
2026.08.28 23:08:00	868.59000000	869.39000000	868.09000000	868.53000000	60	31	0
2026.08.28 23:09:00	868.53000000	869.01000000	867.87000000	868.58000000	59	31	0
2026.08.28 23:10:00	868.44000000	869.26000000	867.56000000	868.43000000	58	31	0
2026.08.28 23:11:00	868.30000000	868.78000000	867.88000000	868.00000000	60	31	0
2026.08.28 23:12:00	868.01000000	869.26000000	867.94000000	868.96000000	58	31	0
2026.08.28 23:13:00	868.62000000	869.80000000	868.04000000	869.66000000	58	31	0
2026.08.28 23:14:00	869.77000000	870.92000000	869.34000000	870.74000000	59	31	0
2026.08.28 23:15:00	870.57000000	872.17000000	870.21000000	871.92000000	57	31	0
2026.08.28 23:16:00	872.05000000	872.54000000	871.46000000	872.42000000	58	31	0
2026.08.28 23:17:00	872.50000000	874.19000000	872.03000000	873.33000000	59	31	0
2026.08.28 23:18:00	873.61000000	874.22000000	873.05000000	874.22000000	59	31	0
2026.08.28 23:19:00	874.15000000	874.33000000	872.80000000	874.33000000	59	31	0
2026.08.28 23:20:00	874.40000000	875.38000000	874.21000000	874.63000000	58	31	0
2026.08.28 23:21:00	874.55000000	874.77000000	873.04000000	873.54000000	54	31	0
2026.08.28 23:22:00	873.66000000	875.60000000	873.66000000	875.45000000	58	31	0
2026.08.28 23:23:00	875.56000000	875.68000000	874.24000000	875.27000000	60	31	0
2026.08.28 23:24:00	874.99000000	878.42000000	874.58000000	878.05000000	58	31	0
2026.08.28 23:25:00	877.74000000	878.23000000	877.23000000	877.41000000	60	31	0
2026.08.28 23:26:00	877.33000000	878.28000000	877.24000000	877.86000000	60	31	0
2026.08.28 23:27:00	877.92000000	880.23000000	877.77000000	879.91000000	58	31	0
2026.08.28 23:28:00	879.62000000	880.46000000	879.06000000	879.35000000	59	31	0
2026.08.28 23:29:00	879.17000000	879.73000000	878.28000000	878.36000000	60	31	0
2026.08.28 23:30:00	878.34000000	879.74000000	877.79000000	879.74000000	60	31	0
2026.08.28 23:31:00	879.81000000	880.32000000	878.89000000	879.81000000	59	31	0
2026.08.28 23:32:00	880.10000000	880.33000000	878.01000000	878.01000000	56	31	0
2026.08.28 23:33:00	877.96000000	878.58000000	877.64000000	877.81000000	58	31	0
2026.08.28 23:34:00	877.74000000	877.91000000	876.30000000	877.85000000	55	31	0
2026.08.28 23:35:00	877.82000000	877.90000000	876.34000000	876.85000000	60	31	0
2026.08.28 23:36:00	876.62000000	878.06000000	875.92000000	877.80000000	57	31	0
2026.08.28 23:37:00	877.90000000	879.03000000	877.88000000	878.71000000	58	31	0
2026.08.28 23:38:00	878.66000000	878.94000000	876.99000000	878.34000000	60	31	0
2026.08.28 23:39:00	878.40000000	878.62000000	877.80000000	878.40000000	58	31	0
2026.08.28 23:40:00	878.43000000	878.94000000	876.33000000	876.33000000	59	31	0
2026.08.28 23:41:00	876.24000000	879.34000000	876.24000000	879.34000000	60	31	0
2026.08.28 23:42:00	879.25000000	879.32000000	877.19000000	877.90000000	58	31	0
2026.08.28 23:43:00	877.84000000	880.20000000	877.39000000	879.93000000	59	31	0
2026.08.28 23:44:00	879.95000000	881.80000000	879.75000000	881.77000000	58	31	0
2026.08.28 23:45:00	881.49000000	881.57000000	879.67000000	879.93000000	59	31	0
2026.08.28 23:46:00	879.78000000	881.18000000	879.21000000	881.14000000	57	31	0
2026.08.28 23:47:00	880.82000000	882.82000000	880.30000000	882.11000000	59	31	0
2026.08.28 23:48:00	881.80000000	882.75000000	881.18000000	881.50000000	58	31	0
2026.08.28 23:49:00	881.61000000	882.87000000	881.46000000	882.29000000	60	31	0
2026.08.28 23:50:00	882.32000000	882.96000000	880.51000000	880.69000000	60	31	0
2026.08.28 23:51:00	880.78000000	881.99000000	880.67000000	881.15000000	59	31	0
2026.08.28 23:52:00	881.32000000	882.56000000	880.76000000	880.76000000	60	31	0
2026.08.28 23:53:00	880.77000000	881.29000000	879.86000000	881.09000000	58	31	0
2026.08.28 23:54:00	881.23000000	882.08000000	880.88000000	881.74000000	60	31	0
2026.08.28 23:55:00	881.61000000	882.06000000	880.90000000	881.00000000	59	31	0
2026.08.28 23:56:00	880.69000000	881.33000000	879.47000000	881.24000000	59	31	0
2026.08.28 23:57:00	881.26000000	882.58000000	880.25000000	880.34000000	57	31	0
2026.08.28 23:58:00	880.44000000	881.14000000	880.44000000	880.96000000	55	31	0
2026.08.28 23:59:00	881.01000000	881.44000000	880.10000000	880.10000000	58	31	0
2026.08.29 00:00:00	880.03000000	881.63000000	879.69000000	879.85000000	59	31	0
2026.08.29 00:01:00	879.78000000	879.86000000	877.97000000	878.15000000	60	31	0
2026.08.29 00:02:00	877.93000000	878.07000000	876.21000000	876.43000000	55	31	0
2026.08.29 00:03:00	876.23000000	876.41000000	873.74000000	874.93000000	59	31	0
2026.08.29 00:04:00	874.87000000	876.43000000	874.87000000	876.16000000	58	31	0
2026.08.29 00:05:00	876.12000000	876.12000000	874.85000000	875.34000000	60	31	0
2026.08.29 00:06:00	875.23000000	876.10000000	875.23000000	875.64000000	58	31	0
2026.08.29 00:07:00	875.63000000	876.99000000	875.29000000	876.34000000	60	31	0
2026.08.29 00:08:00	876.32000000	876.84000000	875.56000000	876.17000000	58	31	0
2026.08.29 00:09:00	875.99000000	876.86000000	875.79000000	876.48000000	59	31	0
2026.08.29 00:10:00	876.42000000	877.78000000	876.28000000	876.57000000	58	31	0
2026.08.29 00:11:00	876.44000000	876.44000000	875.02000000	875.27000000	58	31	0
2026.08.29 00:12:00	875.11000000	875.37000000	873.54000000	873.80000000	60	31	0
2026.08.29 00:13:00	873.97000000	875.64000000	873.92000000	875.64000000	59	31	0
2026.08.29 00:14:00	875.65000000	877.91000000	875.65000000	876.94000000	59	31	0
2026.08.29 00:15:00	877.40000000	878.07000000	876.88000000	878.07000000	58	31	0
2026.08.29 00:16:00	878.17000000	878.37000000	875.98000000	876.50000000	58	31	0
2026.08.29 00:17:00	876.52000000	878.00000000	876.52000000	877.00000000	59	31	0
2026.08.29 00:18:00	876.92000000	878.25000000	876.28000000	877.79000000	60	31	0
2026.08.29 00:19:00	877.85000000	878.74000000	877.36000000	878.12000000	60	31	0
2026.08.29 00:20:00	878.02000000	878.23000000	877.11000000	877.30000000	60	31	0
2026.08.29 00:21:00	877.35000000	878.16000000	877.21000000	877.54000000	57	31	0
2026.08.29 00:22:00	877.67000000	877.88000000	875.09000000	875.37000000	60	31	0
2026.08.29 00:23:00	875.39000000	876.27000000	874.55000000	874.73000000	60	31	0
2026.08.29 00:24:00	875.07000000	876.00000000	874.19000000	874.40000000	57	31	0
2026.08.29 00:25:00	874.50000000	875.22000000	873.80000000	874.05000000	58	31	0
2026.08.29 00:26:00	874.14000000	875.52000000	873.64000000	875.01000000	59	31	0
2026.08.29 00:27:00	874.84000000	875.85000000	873.92000000	874.50000000	58	31	0
2026.08.29 00:28:00	874.66000000	875.48000000	874.07000000	875.42000000	59	31	0
2026.08.29 00:29:00	875.40000000	875.93000000	874.51000000	874.93000000	59	31	0
2026.08.29 00:30:00	874.91000000	876.65000000	874.35000000	876.48000000	59	31	0
2026.08.29 00:31:00	876.49000000	877.81000000	875.24000000	875.24000000	60	31	0
2026.08.29 00:32:00	875.23000000	876.10000000	874.86000000	875.04000000	58	31	0
2026.08.29 00:33:00	874.91000000	875.27000000	873.76000000	874.57000000	56	31	0
2026.08.29 00:34:00	874.42000000	876.35000000	874.11000000	876.35000000	58	31	0
2026.08.29 00:35:00	876.21000000	878.85000000	876.21000000	877.77000000	57	31	0
2026.08.29 00:36:00	877.59000000	878.27000000	876.14000000	876.15000000	59	31	0
2026.08.29 00:37:00	876.26000000	876.96000000	875.62000000	876.77000000	58	31	0
2026.08.29 00:38:00	876.79000000	878.13000000	876.00000000	876.05000000	58	31	0
2026.08.29 00:39:00	876.15000000	877.04000000	875.26000000	875.26000000	60	31	0
2026.08.29 00:40:00	875.30000000	876.13000000	875.21000000	875.21000000	57	31	0
2026.08.29 00:41:00	875.07000000	875.61000000	873.63000000	874.37000000	59	31	0
2026.08.29 00:42:00	874.14000000	874.39000000	872.82000000	873.35000000	59	31	0
2026.08.29 00:43:00	873.43000000	873.75000000	873.03000000	873.47000000	59	31	0
2026.08.29 00:44:00	873.65000000	875.20000000	873.60000000	874.09000000	58	31	0
2026.08.29 00:45:00	873.96000000	874.33000000	873.27000000	873.45000000	59	31	0
2026.08.29 00:46:00	873.27000000	873.78000000	872.66000000	873.45000000	58	31	0
2026.08.29 00:47:00	873.17000000	874.11000000	872.76000000	874.07000000	60	31	0
2026.08.29 00:48:00	874.01000000	874.13000000	872.77000000	872.77000000	60	31	0
2026.08.29 00:49:00	873.12000000	873.12000000	871.06000000	871.52000000	57	31	0
2026.08.29 00:50:00	871.38000000	872.02000000	870.62000000	870.91000000	58	31	0
2026.08.29 00:51:00	871.03000000	871.95000000	870.48000000	870.67000000	60	31	0
2026.08.29 00:52:00	870.75000000	872.39000000	870.29000000	871.87000000	55	31	0
2026.08.29 00:53:00	871.51000000	871.63000000	869.73000000	870.77000000	58	31	0
2026.08.29 00:54:00	870.55000000	871.20000000	869.64000000	871.20000000	59	31	0
2026.08.29 00:55:00	871.16000000	872.24000000	870.86000000	871.62000000	59	31	0
2026.08.29 00:56:00	872.07000000	872.84000000	871.37000000	871.76000000	59	31	0
2026.08.29 00:57:00	871.94000000	871.94000000	870.43000000	870.47000000	59	31	0
2026.08.29 00:58:00	870.62000000	870.62000000	868.20000000	868.26000000	57	31	0
2026.08.29 00:59:00	868.32000000	868.47000000	867.02000000	867.85000000	60	31	0
2026.08.29 01:00:00	867.64000000	868.25000000	866.76000000	868.08000000	59	31	0
2026.08.29 01:01:00	867.94000000	869.01000000	867.45000000	868.57000000	59	31	0
2026.08.29 01:02:00	868.50000000	870.56000000	868.50000000	870.51000000	60	31	0
2026.08.29 01:03:00	870.41000000	870.66000000	869.05000000	869.44000000	57	31	0
2026.08.29 01:04:00	869.37000000	871.11000000	868.56000000	871.05000000	59	31	0
2026.08.29 01:05:00	870.95000000	870.95000000	869.49000000	869.99000000	60	31	0
2026.08.29 01:06:00	869.81000000	870.25000000	868.57000000	868.92000000	57	31	0
2026.08.29 01:07:00	868.88000000	869.57000000	868.04000000	868.43000000	59	31	0
2026.08.29 01:08:00	868.54000000	868.79000000	867.63000000	868.79000000	58	31	0
2026.08.29 01:09:00	868.79000000	869.84000000	868.79000000	869.15000000	57	31	0
2026.08.29 01:10:00	869.26000000	870.15000000	869.00000000	869.24000000	58	31	0
2026.08.29 01:11:00	869.10000000	870.91000000	869.10000000	870.15000000	59	31	0
2026.08.29 01:12:00	869.82000000	869.99000000	868.60000000	868.60000000	60	31	0
2026.08.29 01:13:00	868.49000000	869.02000000	868.12000000	869.02000000	58	31	0
2026.08.29 01:14:00	868.74000000	869.09000000	867.36000000	867.74000000	57	31	0
2026.08.29 01:15:00	867.94000000	868.54000000	867.79000000	868.35000000	57	31	0
2026.08.29 01:16:00	868.54000000	868.59000000	867.13000000	867.55000000	58	31	0
2026.08.29 01:17:00	867.64000000	868.80000000	867.12000000	868.80000000	60	31	0
2026.08.29 01:18:00	869.00000000	869.03000000	866.83000000	867.81000000	60	31	0
2026.08.29 01:19:00	867.76000000	868.30000000	866.88000000	866.88000000	58	31	0
2026.08.29 01:20:00	866.91000000	867.23000000	865.27000000	865.49000000	58	31	0
2026.08.29 01:21:00	865.92000000	867.82000000	865.92000000	867.49000000	58	31	0
2026.08.29 01:22:00	867.41000000	867.53000000	866.43000000	867.34000000	57	31	0
2026.08.29 01:23:00	867.11000000	868.83000000	866.44000000	868.18000000	58	31	0
2026.08.29 01:24:00	868.07000000	869.99000000	868.07000000	869.97000000	57	31	0
2026.08.29 01:25:00	869.93000000	870.52000000	868.93000000	870.45000000	57	31	0
2026.08.29 01:26:00	870.36000000	871.26000000	870.27000000	870.27000000	59	31	0
2026.08.29 01:27:00	870.58000000	872.13000000	870.58000000	870.98000000	59	31	0
2026.08.29 01:28:00	870.87000000	871.74000000	870.77000000	870.99000000	57	31	0
2026.08.29 01:29:00	870.91000000	872.40000000	870.68000000	871.86000000	58	31	0
2026.08.29 01:30:00	871.94000000	872.68000000	871.43000000	871.69000000	59	31	0
2026.08.29 01:31:00	871.67000000	871.92000000	870.75000000	870.77000000	57	31	0
2026.08.29 01:32:00	870.80000000	870.80000000	869.33000000	869.45000000	58	31	0
2026.08.29 01:33:00	869.49000000	871.90000000	869.49000000	871.59000000	60	31	0
2026.08.29 01:34:00	871.52000000	871.69000000	869.98000000	870.53000000	59	31	0
2026.08.29 01:35:00	870.35000000	870.61000000	868.86000000	870.25000000	57	31	0
2026.08.29 01:36:00	870.18000000	871.89000000	869.75000000	870.94000000	59	31	0
2026.08.29 01:37:00	870.94000000	870.94000000	869.57000000	870.78000000	54	31	0
2026.08.29 01:38:00	870.81000000	871.27000000	868.43000000	868.72000000	57	31	0
2026.08.29 01:39:00	868.41000000	868.41000000	866.73000000	867.68000000	59	31	0
2026.08.29 01:40:00	867.82000000	869.23000000	867.22000000	867.22000000	59	31	0
2026.08.29 01:41:00	867.18000000	867.27000000	865.00000000	865.43000000	59	31	0
2026.08.29 01:42:00	865.45000000	865.83000000	864.71000000	865.71000000	57	31	0
2026.08.29 01:43:00	865.71000000	866.16000000	864.91000000	865.84000000	59	31	0
2026.08.29 01:44:00	865.69000000	865.80000000	863.31000000	863.77000000	56	31	0
2026.08.29 01:45:00	863.88000000	864.90000000	863.18000000	863.58000000	59	31	0
2026.08.29 01:46:00	863.61000000	863.61000000	861.83000000	863.44000000	59	31	0
2026.08.29 01:47:00	863.53000000	863.69000000	862.50000000	862.84000000	59	31	0
2026.08.29 01:48:00	862.75000000	865.10000000	862.45000000	864.77000000	57	31	0
2026.08.29 01:49:00	864.66000000	864.93000000	863.42000000	863.77000000	59	31	0
2026.08.29 01:50:00	863.83000000	864.41000000	863.38000000	864.34000000	60	31	0
2026.08.29 01:51:00	864.36000000	864.36000000	862.94000000	863.88000000	60	31	0
2026.08.29 01:52:00	864.12000000	864.64000000	862.80000000	863.02000000	58	31	0
2026.08.29 01:53:00	863.06000000	863.74000000	862.92000000	863.42000000	59	31	0
2026.08.29 01:54:00	863.40000000	867.33000000	863.40000000	866.48000000	59	31	0
2026.08.29 01:55:00	866.31000000	866.63000000	865.32000000	865.96000000	59	31	0
2026.08.29 01:56:00	865.86000000	865.92000000	864.51000000	865.28000000	57	31	0
2026.08.29 01:57:00	865.19000000	865.96000000	864.01000000	864.04000000	58	31	0
2026.08.29 01:58:00	864.16000000	865.34000000	864.11000000	864.85000000	59	31	0
2026.08.29 01:59:00	864.69000000	865.66000000	863.93000000	865.44000000	58	31	0
2026.08.29 02:00:00	865.49000000	865.83000000	864.08000000	865.22000000	59	31	0
2026.08.29 02:01:00	865.16000000	865.56000000	864.23000000	864.98000000	59	31	0
2026.08.29 02:02:00	864.94000000	865.48000000	863.84000000	865.32000000	60	31	0
2026.08.29 02:03:00	865.20000000	865.25000000	863.71000000	864.60000000	54	31	0
2026.08.29 02:04:00	864.45000000	864.94000000	863.77000000	864.07000000	60	31	0
2026.08.29 02:05:00	863.98000000	864.48000000	863.08000000	863.13000000	60	31	0
2026.08.29 02:06:00	863.23000000	864.40000000	863.06000000	863.41000000	59	31	0
2026.08.29 02:07:00	863.35000000	864.36000000	863.23000000	864.11000000	57	31	0
2026.08.29 02:08:00	864.04000000	864.04000000	862.17000000	862.81000000	60	31	0
2026.08.29 02:09:00	863.15000000	863.15000000	861.58000000	862.17000000	59	31	0
2026.08.29 02:10:00	862.17000000	862.27000000	860.36000000	860.97000000	58	31	0
2026.08.29 02:11:00	861.12000000	861.22000000	859.38000000	859.88000000	60	31	0
2026.08.29 02:12:00	859.97000000	861.07000000	859.27000000	861.01000000	59	31	0
2026.08.29 02:13:00	860.72000000	860.73000000	858.15000000	858.88000000	58	31	0
2026.08.29 02:14:00	858.82000000	859.94000000	858.74000000	859.57000000	60	31	0
2026.08.29 02:15:00	859.50000000	861.14000000	859.50000000	860.78000000	59	31	0
2026.08.29 02:16:00	860.55000000	861.90000000	860.26000000	860.34000000	59	31	0
2026.08.29 02:17:00	860.55000000	860.91000000	858.80000000	858.89000000	59	31	0
2026.08.29 02:18:00	858.77000000	859.24000000	856.57000000	856.57000000	58	31	0
2026.08.29 02:19:00	856.41000000	856.41000000	854.24000000	854.53000000	60	31	0
2026.08.29 02:20:00	854.61000000	855.65000000	853.24000000	853.68000000	57	31	0
2026.08.29 02:21:00	853.74000000	854.61000000	853.01000000	854.40000000	59	31	0
2026.08.29 02:22:00	854.04000000	854.83000000	853.81000000	854.22000000	57	31	0
2026.08.29 02:23:00	854.37000000	854.37000000	851.11000000	851.25000000	60	31	0
2026.08.29 02:24:00	851.18000000	851.90000000	850.68000000	851.66000000	60	31	0
2026.08.29 02:25:00	851.41000000	851.62000000	850.11000000	850.53000000	58	31	0
2026.08.29 02:26:00	850.57000000	850.88000000	849.34000000	849.64000000	60	31	0
2026.08.29 02:27:00	849.80000000	852.35000000	849.23000000	851.73000000	59	31	0
2026.08.29 02:28:00	851.89000000	853.31000000	851.52000000	852.81000000	58	31	0
2026.08.29 02:29:00	852.95000000	855.00000000	852.95000000	855.00000000	58	31	0
2026.08.29 02:30:00	855.02000000	856.36000000	855.02000000	856.04000000	59	31	0
2026.08.29 02:31:00	855.95000000	858.23000000	855.95000000	857.98000000	60	31	0
2026.08.29 02:32:00	858.09000000	858.27000000	856.03000000	856.05000000	60	31	0
2026.08.29 02:33:00	856.27000000	858.02000000	855.99000000	857.82000000	58	31	0
2026.08.29 02:34:00	857.99000000	858.32000000	856.48000000	857.39000000	60	31	0
2026.08.29 02:35:00	857.37000000	857.75000000	856.55000000	857.09000000	60	31	0
2026.08.29 02:36:00	857.17000000	859.45000000	856.97000000	859.15000000	59	31	0
2026.08.29 02:37:00	859.18000000	859.82000000	858.83000000	859.48000000	58	31	0
2026.08.29 02:38:00	859.31000000	860.55000000	858.90000000	860.22000000	60	31	0
2026.08.29 02:39:00	860.19000000	861.04000000	858.01000000	858.01000000	60	31	0
2026.08.29 02:40:00	857.89000000	859.30000000	857.89000000	858.74000000	58	31	0
2026.08.29 02:41:00	858.79000000	859.22000000	858.22000000	858.29000000	58	31	0
2026.08.29 02:42:00	858.22000000	859.15000000	856.76000000	857.12000000	60	31	0
2026.08.29 02:43:00	856.98000000	857.08000000	856.07000000	856.72000000	58	31	0
2026.08.29 02:44:00	856.99000000	858.47000000	856.76000000	857.63000000	58	31	0
2026.08.29 02:45:00	857.80000000	858.89000000	856.83000000	858.59000000	59	31	0
2026.08.29 02:46:00	858.74000000	858.79000000	857.59000000	857.68000000	59	31	0
2026.08.29 02:47:00	857.60000000	857.62000000	856.15000000	856.61000000	58	31	0
2026.08.29 02:48:00	856.41000000	857.82000000	855.85000000	856.11000000	59	31	0
2026.08.29 02:49:00	856.15000000	857.84000000	855.88000000	857.46000000	58	31	0
2026.08.29 02:50:00	857.07000000	857.57000000	856.86000000	857.19000000	57	31	0
2026.08.29 02:51:00	857.06000000	858.13000000	856.53000000	857.76000000	60	31	0
2026.08.29 02:52:00	857.57000000	857.57000000	855.12000000	855.12000000	59	31	0
2026.08.29 02:53:00	855.35000000	855.35000000	853.82000000	854.60000000	57	31	0
2026.08.29 02:54:00	854.59000000	855.32000000	853.84000000	854.82000000	60	31	0
2026.08.29 02:55:00	855.01000000	855.43000000	854.57000000	855.34000000	56	31	0
2026.08.29 02:56:00	855.29000000	855.46000000	854.29000000	855.20000000	58	31	0
2026.08.29 02:57:00	855.17000000	856.51000000	854.40000000	856.02000000	59	31	0
2026.08.29 02:58:00	855.84000000	857.70000000	855.81000000	857.12000000	60	31	0
2026.08.29 02:59:00	857.17000000	859.39000000	857.17000000	858.07000000	60	31	0
2026.08.29 03:00:00	857.76000000	858.01000000	857.03000000	857.68000000	59	31	0
2026.08.29 03:01:00	857.72000000	858.35000000	857.23000000	857.41000000	59	31	0
2026.08.29 03:02:00	857.55000000	857.89000000	857.18000000	857.66000000	58	31	0
2026.08.29 03:03:00	857.61000000	859.17000000	857.50000000	858.82000000	58	31	0
2026.08.29 03:04:00	858.88000000	859.15000000	857.17000000	857.53000000	57	31	0
2026.08.29 03:05:00	857.69000000	859.06000000	857.66000000	859.06000000	58	31	0
2026.08.29 03:06:00	859.15000000	860.13000000	858.76000000	859.66000000	55	31	0
2026.08.29 03:07:00	859.65000000	859.65000000	858.22000000	858.63000000	57	31	0
2026.08.29 03:08:00	858.62000000	859.33000000	857.49000000	859.22000000	59	31	0
2026.08.29 03:09:00	859.17000000	860.00000000	859.10000000	859.82000000	58	31	0
2026.08.29 03:10:00	859.90000000	859.94000000	859.06000000	859.27000000	60	31	0
2026.08.29 03:11:00	859.29000000	860.04000000	858.99000000	858.99000000	60	31	0
2026.08.29 03:12:00	858.81000000	859.57000000	857.80000000	859.44000000	60	31	0
2026.08.29 03:13:00	859.53000000	860.63000000	859.13000000	859.74000000	60	31	0
2026.08.29 03:14:00	859.75000000	860.27000000	858.61000000	860.26000000	56	31	0
2026.08.29 03:15:00	860.09000000	860.21000000	859.43000000	860.20000000	60	31	0
2026.08.29 03:16:00	860.08000000	860.09000000	858.06000000	859.17000000	59	31	0
2026.08.29 03:17:00	859.27000000	861.05000000	859.21000000	860.48000000	59	31	0
2026.08.29 03:18:00	860.66000000	861.62000000	860.43000000	860.92000000	59	31	0
2026.08.29 03:19:00	860.77000000	861.43000000	859.55000000	860.83000000	57	31	0
2026.08.29 03:20:00	860.72000000	860.97000000	858.90000000	859.85000000	59	31	0
2026.08.29 03:21:00	859.92000000	861.33000000	859.84000000	861.20000000	60	31	0
2026.08.29 03:22:00	861.44000000	862.70000000	861.27000000	862.08000000	60	31	0
2026.08.29 03:23:00	861.96000000	862.04000000	860.95000000	861.71000000	58	31	0
2026.08.29 03:24:00	861.87000000	864.68000000	861.68000000	864.26000000	60	31	0
2026.08.29 03:25:00	864.22000000	864.83000000	862.04000000	862.21000000	59	31	0
2026.08.29 03:26:00	862.25000000	862.36000000	861.14000000	861.18000000	59	31	0
2026.08.29 03:27:00	861.21000000	861.23000000	857.48000000	857.48000000	60	31	0
2026.08.29 03:28:00	857.62000000	858.84000000	857.60000000	858.46000000	59	31	0
2026.08.29 03:29:00	858.47000000	859.22000000	858.35000000	858.73000000	60	31	0
2026.08.29 03:30:00	858.86000000	859.50000000	858.23000000	859.28000000	56	31	0
2026.08.29 03:31:00	859.29000000	860.04000000	857.57000000	857.99000000	60	31	0
2026.08.29 03:32:00	858.08000000	859.62000000	858.03000000	859.62000000	57	31	0
2026.08.29 03:33:00	859.59000000	859.85000000	857.72000000	858.07000000	57	31	0
2026.08.29 03:34:00	858.17000000	858.24000000	856.89000000	857.99000000	59	31	0
2026.08.29 03:35:00	858.02000000	858.31000000	855.07000000	855.31000000	59	31	0
2026.08.29 03:36:00	855.31000000	855.50000000	854.26000000	854.92000000	59	31	0
2026.08.29 03:37:00	854.75000000	855.39000000	854.44000000	854.76000000	59	31	0
2026.08.29 03:38:00	854.77000000	855.11000000	852.77000000	852.87000000	59	31	0
2026.08.29 03:39:00	852.71000000	853.64000000	852.30000000	852.64000000	58	31	0
2026.08.29 03:40:00	852.62000000	853.32000000	852.38000000	852.64000000	55	31	0
2026.08.29 03:41:00	852.65000000	853.09000000	852.54000000	852.76000000	60	31	0
2026.08.29 03:42:00	852.93000000	853.67000000	852.18000000	852.93000000	60	31	0
2026.08.29 03:43:00	852.81000000	853.05000000	851.38000000	852.09000000	58	31	0
2026.08.29 03:44:00	852.21000000	853.26000000	851.94000000	853.08000000	56	31	0
2026.08.29 03:45:00	853.16000000	853.59000000	851.67000000	851.74000000	59	31	0
2026.08.29 03:46:00	851.64000000	852.78000000	851.16000000	851.79000000	58	31	0
2026.08.29 03:47:00	851.66000000	851.66000000	849.94000000	849.96000000	56	31	0
2026.08.29 03:48:00	850.06000000	851.64000000	848.62000000	848.73000000	60	31	0
2026.08.29 03:49:00	848.70000000	849.56000000	848.40000000	849.05000000	58	31	0
2026.08.29 03:50:00	848.89000000	850.38000000	848.47000000	850.02000000	60	31	0
2026.08.29 03:51:00	849.89000000	850.05000000	849.14000000	849.41000000	60	31	0
2026.08.29 03:52:00	849.31000000	849.31000000	848.30000000	848.31000000	59	31	0
2026.08.29 03:53:00	848.34000000	849.12000000	847.79000000	848.51000000	60	31	0
2026.08.29 03:54:00	848.43000000	849.53000000	848.43000000	849.41000000	59	31	0
2026.08.29 03:55:00	849.47000000	851.37000000	849.31000000	850.74000000	60	31	0
2026.08.29 03:56:00	851.00000000	851.01000000	849.10000000	849.13000000	60	31	0
2026.08.29 03:57:00	849.29000000	849.33000000	847.95000000	848.78000000	60	31	0
2026.08.29 03:58:00	848.76000000	850.10000000	848.32000000	848.79000000	58	31	0
2026.08.29 03:59:00	848.72000000	849.00000000	847.44000000	847.47000000	58	31	0
2026.08.29 04:00:00	847.19000000	848.49000000	847.19000000	847.57000000	56	31	0
2026.08.29 04:01:00	847.56000000	848.08000000	846.55000000	846.65000000	57	31	0
2026.08.29 04:02:00	846.78000000	848.64000000	846.43000000	848.33000000	59	31	0
2026.08.29 04:03:00	848.13000000	848.20000000	847.37000000	847.92000000	60	31	0
2026.08.29 04:04:00	847.89000000	850.64000000	847.89000000	850.64000000	56	31	0
2026.08.29 04:05:00	850.44000000	850.85000000	850.03000000	850.70000000	60	31	0
2026.08.29 04:06:00	850.47000000	851.85000000	850.04000000	851.12000000	60	31	0
2026.08.29 04:07:00	851.14000000	851.71000000	849.45000000	849.46000000	57	31	0
2026.08.29 04:08:00	849.25000000	850.08000000	849.02000000	849.33000000	60	31	0
2026.08.29 04:09:00	849.35000000	849.93000000	848.42000000	848.42000000	59	31	0
2026.08.29 04:10:00	848.34000000	849.80000000	847.40000000	849.65000000	57	31	0
2026.08.29 04:11:00	849.69000000	850.87000000	849.28000000	850.59000000	59	31	0
2026.08.29 04:12:00	850.65000000	851.03000000	849.53000000	850.78000000	59	31	0
2026.08.29 04:13:00	850.69000000	852.74000000	850.60000000	852.43000000	57	31	0
2026.08.29 04:14:00	852.52000000	852.52000000	851.36000000	851.83000000	60	31	0
2026.08.29 04:15:00	851.78000000	853.88000000	851.65000000	853.88000000	59	31	0
2026.08.29 04:16:00	853.94000000	855.81000000	853.72000000	855.12000000	58	31	0
2026.08.29 04:17:00	855.11000000	855.11000000	853.56000000	853.56000000	59	31	0
2026.08.29 04:18:00	853.59000000	854.50000000	851.89000000	851.93000000	56	31	0
2026.08.29 04:19:00	852.11000000	853.47000000	851.43000000	853.12000000	60	31	0
2026.08.29 04:20:00	853.08000000	853.40000000	851.66000000	853.13000000	54	31	0
2026.08.29 04:21:00	853.01000000	853.26000000	851.99000000	852.41000000	58	31	0
2026.08.29 04:22:00	852.51000000	852.64000000	850.34000000	850.66000000	58	31	0
2026.08.29 04:23:00	850.94000000	853.62000000	850.78000000	853.55000000	60	31	0
2026.08.29 04:24:00	853.80000000	853.80000000	851.56000000	852.88000000	59	31	0
2026.08.29 04:25:00	852.67000000	853.00000000	851.18000000	851.32000000	60	31	0
2026.08.29 04:26:00	851.50000000	852.81000000	850.76000000	852.45000000	60	31	0
2026.08.29 04:27:00	852.52000000	853.93000000	852.52000000	853.30000000	56	31	0
2026.08.29 04:28:00	853.22000000	853.22000000	850.87000000	851.31000000	58	31	0
2026.08.29 04:29:00	851.45000000	851.66000000	850.25000000	850.32000000	60	31	0
2026.08.29 04:30:00	850.41000000	850.76000000	848.81000000	848.81000000	59	31	0
2026.08.29 04:31:00	848.90000000	849.40000000	848.34000000	849.40000000	59	31	0
2026.08.29 04:32:00	849.75000000	850.07000000	849.19000000	850.06000000	58	31	0
2026.08.29 04:33:00	849.69000000	851.33000000	849.36000000	851.33000000	58	31	0
2026.08.29 04:34:00	851.07000000	851.07000000	848.72000000	848.72000000	59	31	0
2026.08.29 04:35:00	848.69000000	848.84000000	847.39000000	848.07000000	57	31	0
2026.08.29 04:36:00	848.21000000	849.57000000	848.21000000	848.89000000	56	31	0
2026.08.29 04:37:00	848.88000000	848.99000000	847.47000000	848.18000000	59	31	0
2026.08.29 04:38:00	848.02000000	848.50000000	847.69000000	847.88000000	57	31	0
2026.08.29 04:39:00	847.97000000	848.21000000	846.60000000	847.35000000	60	31	0
2026.08.29 04:40:00	847.10000000	847.19000000	845.45000000	845.68000000	57	31	0
2026.08.29 04:41:00	845.90000000	846.06000000	844.37000000	844.80000000	60	31	0
2026.08.29 04:42:00	844.76000000	846.07000000	844.74000000	845.26000000	58	31	0
2026.08.29 04:43:00	845.08000000	845.44000000	844.32000000	845.07000000	60	31	0
2026.08.29 04:44:00	844.92000000	845.54000000	844.05000000	844.14000000	53	31	0
2026.08.29 04:45:00	844.11000000	846.27000000	843.84000000	846.04000000	60	31	0
2026.08.29 04:46:00	846.22000000	846.57000000	845.52000000	846.37000000	59	31	0
2026.08.29 04:47:00	846.26000000	846.46000000	844.99000000	845.19000000	58	31	0
2026.08.29 04:48:00	845.37000000	846.81000000	845.23000000	845.66000000	57	31	0
2026.08.29 04:49:00	845.76000000	847.22000000	845.67000000	846.98000000	59	31	0
2026.08.29 04:50:00	846.96000000	848.28000000	846.84000000	847.85000000	59	31	0
2026.08.29 04:51:00	847.70000000	847.97000000	845.77000000	846.00000000	59	31	0
2026.08.29 04:52:00	845.56000000	845.73000000	843.83000000	843.83000000	60	31	0
2026.08.29 04:53:00	843.58000000	845.27000000	843.58000000	844.51000000	56	31	0
2026.08.29 04:54:00	844.43000000	846.25000000	843.80000000	846.19000000	57	31	0
2026.08.29 04:55:00	846.09000000	846.63000000	845.59000000	846.60000000	56	31	0
2026.08.29 04:56:00	846.72000000	848.00000000	846.62000000	846.62000000	56	31	0
2026.08.29 04:57:00	846.67000000	847.47000000	845.63000000	845.79000000	58	31	0
2026.08.29 04:58:00	845.90000000	845.99000000	844.23000000	845.75000000	60	31	0
2026.08.29 04:59:00	845.97000000	847.08000000	845.89000000	846.18000000	59	31	0
2026.08.29 05:00:00	846.48000000	846.57000000	845.47000000	846.40000000	58	31	0
2026.08.29 05:01:00	846.29000000	846.57000000	845.09000000	846.25000000	58	31	0
2026.08.29 05:02:00	846.07000000	846.80000000	845.45000000	845.91000000	60	31	0
2026.08.29 05:03:00	845.77000000	846.55000000	845.53000000	845.53000000	58	31	0
2026.08.29 05:04:00	845.64000000	846.32000000	842.87000000	842.99000000	60	31	0
2026.08.29 05:05:00	843.08000000	843.35000000	840.13000000	840.13000000	59	31	0
2026.08.29 05:06:00	840.00000000	842.71000000	839.85000000	842.49000000	58	31	0
2026.08.29 05:07:00	842.26000000	842.39000000	841.18000000	842.06000000	59	31	0
2026.08.29 05:08:00	841.79000000	841.79000000	840.47000000	840.78000000	59	31	0
2026.08.29 05:09:00	840.83000000	841.95000000	840.76000000	841.79000000	57	31	0
2026.08.29 05:10:00	841.49000000	841.49000000	838.97000000	838.97000000	59	31	0
2026.08.29 05:11:00	839.18000000	839.42000000	837.37000000	837.37000000	60	31	0
2026.08.29 05:12:00	837.23000000	837.48000000	836.20000000	836.60000000	60	31	0
2026.08.29 05:13:00	836.49000000	836.83000000	835.11000000	835.11000000	59	31	0
2026.08.29 05:14:00	835.19000000	835.21000000	833.00000000	833.51000000	58	31	0
2026.08.29 05:15:00	833.47000000	833.93000000	832.38000000	833.04000000	58	31	0
2026.08.29 05:16:00	833.10000000	833.98000000	832.35000000	832.74000000	56	31	0
2026.08.29 05:17:00	832.56000000	833.84000000	832.51000000	832.58000000	60	31	0
2026.08.29 05:18:00	832.45000000	833.04000000	831.87000000	832.42000000	57	31	0
2026.08.29 05:19:00	832.32000000	834.34000000	832.32000000	834.04000000	58	31	0
2026.08.29 05:20:00	834.19000000	834.52000000	833.49000000	833.94000000	59	31	0
2026.08.29 05:21:00	834.10000000	834.44000000	832.85000000	833.39000000	56	31	0
2026.08.29 05:22:00	833.42000000	834.91000000	833.21000000	834.39000000	60	31	0
2026.08.29 05:23:00	834.38000000	835.78000000	834.04000000	835.78000000	58	31	0
2026.08.29 05:24:00	835.70000000	837.03000000	835.02000000	836.66000000	59	31	0
2026.08.29 05:25:00	836.56000000	837.42000000	836.07000000	836.28000000	59	31	0
2026.08.29 05:26:00	836.01000000	837.58000000	835.79000000	837.48000000	58	31	0
2026.08.29 05:27:00	837.37000000	838.43000000	836.74000000	836.98000000	57	31	0
2026.08.29 05:28:00	836.73000000	838.47000000	835.89000000	837.53000000	60	31	0
2026.08.29 05:29:00	837.32000000	837.52000000	836.52000000	836.61000000	55	31	0
2026.08.29 05:30:00	836.61000000	838.47000000	836.52000000	838.43000000	55	31	0
2026.08.29 05:31:00	838.52000000	839.03000000	838.20000000	838.32000000	59	31	0
2026.08.29 05:32:00	838.18000000	839.21000000	837.34000000	839.07000000	56	31	0
2026.08.29 05:33:00	839.11000000	840.23000000	838.86000000	839.88000000	60	31	0
2026.08.29 05:34:00	839.79000000	840.09000000	838.40000000	838.76000000	59	31	0
2026.08.29 05:35:00	838.67000000	839.47000000	837.99000000	838.13000000	58	31	0
2026.08.29 05:36:00	838.39000000	839.22000000	838.33000000	838.60000000	58	31	0
2026.08.29 05:37:00	838.62000000	840.83000000	838.62000000	840.00000000	57	31	0
2026.08.29 05:38:00	839.89000000	841.28000000	839.79000000	840.57000000	58	31	0
2026.08.29 05:39:00	840.43000000	840.43000000	837.99000000	838.93000000	55	31	0
2026.08.29 05:40:00	838.84000000	838.84000000	837.03000000	837.43000000	57	31	0
2026.08.29 05:41:00	837.66000000	838.84000000	837.66000000	838.79000000	59	31	0
2026.08.29 05:42:00	838.62000000	839.22000000	838.06000000	839.20000000	59	31	0
2026.08.29 05:43:00	839.22000000	839.22000000	837.52000000	838.33000000	57	31	0
2026.08.29 05:44:00	838.06000000	838.95000000	837.90000000	838.64000000	59	31	0
2026.08.29 05:45:00	838.46000000	838.71000000	837.37000000	838.33000000	59	31	0
2026.08.29 05:46:00	838.35000000	838.74000000	836.53000000	836.79000000	57	31	0
2026.08.29 05:47:00	836.92000000	837.06000000	835.97000000	836.39000000	60	31	0
2026.08.29 05:48:00	836.36000000	836.39000000	835.36000000	835.56000000	60	31	0
2026.08.29 05:49:00	835.44000000	837.81000000	835.39000000	837.74000000	60	31	0
2026.08.29 05:50:00	837.83000000	839.03000000	837.32000000	838.46000000	60	31	0
2026.08.29 05:51:00	838.25000000	840.05000000	838.25000000	839.53000000	58	31	0
2026.08.29 05:52:00	839.66000000	839.73000000	837.77000000	838.78000000	59	31	0
2026.08.29 05:53:00	838.86000000	840.10000000	838.06000000	839.12000000	59	31	0
2026.08.29 05:54:00	839.08000000	840.04000000	838.84000000	838.97000000	59	31	0
2026.08.29 05:55:00	838.91000000	839.58000000	837.99000000	838.15000000	60	31	0
2026.08.29 05:56:00	838.01000000	838.01000000	836.73000000	837.14000000	58	31	0
2026.08.29 05:57:00	837.26000000	838.12000000	836.75000000	837.65000000	59	31	0
2026.08.29 05:58:00	837.82000000	839.76000000	837.11000000	838.71000000	56	31	0
2026.08.29 05:59:00	838.74000000	839.98000000	838.24000000	839.77000000	58	31	0
2026.08.29 06:00:00	839.99000000	841.56000000	839.91000000	841.43000000	59	31	0
2026.08.29 06:01:00	841.46000000	842.41000000	841.04000000	841.92000000	57	31	0
2026.08.29 06:02:00	841.80000000	841.80000000	839.43000000	839.75000000	58	31	0
2026.08.29 06:03:00	839.58000000	842.10000000	839.58000000	841.83000000	56	31	0
2026.08.29 06:04:00	841.78000000	842.60000000	841.64000000	842.48000000	60	31	0
2026.08.29 06:05:00	842.46000000	843.46000000	842.05000000	843.32000000	58	31	0
2026.08.29 06:06:00	843.30000000	844.04000000	842.55000000	843.27000000	59	31	0
2026.08.29 06:07:00	843.16000000	844.44000000	843.09000000	843.94000000	60	31	0
2026.08.29 06:08:00	843.79000000	844.93000000	843.79000000	844.47000000	57	31	0
2026.08.29 06:09:00	844.57000000	845.06000000	843.90000000	843.90000000	59	31	0
2026.08.29 06:10:00	843.78000000	846.49000000	843.78000000	845.21000000	58	31	0
2026.08.29 06:11:00	845.01000000	845.01000000	843.54000000	844.21000000	56	31	0
2026.08.29 06:12:00	844.25000000	844.56000000	841.39000000	841.99000000	59	31	0
2026.08.29 06:13:00	842.24000000	842.63000000	840.74000000	842.57000000	60	31	0
2026.08.29 06:14:00	842.46000000	843.20000000	841.91000000	842.48000000	59	31	0
2026.08.29 06:15:00	842.89000000	842.99000000	842.05000000	842.39000000	59	31	0
2026.08.29 06:16:00	842.45000000	842.78000000	841.04000000	841.70000000	60	31	0
2026.08.29 06:17:00	841.58000000	844.29000000	841.58000000	844.09000000	57	31	0
2026.08.29 06:18:00	843.99000000	844.63000000	842.07000000	842.94000000	57	31	0
2026.08.29 06:19:00	842.88000000	844.86000000	842.77000000	844.37000000	56	31	0
2026.08.29 06:20:00	844.38000000	844.38000000	840.72000000	840.81000000	56	31	0
2026.08.29 06:21:00	840.77000000	841.65000000	839.02000000	839.02000000	59	31	0
2026.08.29 06:22:00	839.15000000	841.12000000	839.13000000	840.02000000	60	31	0
2026.08.29 06:23:00	840.03000000	841.29000000	840.01000000	841.02000000	58	31	0
2026.08.29 06:24:00	840.75000000	841.85000000	840.15000000	841.33000000	57	31	0
2026.08.29 06:25:00	841.29000000	841.68000000	840.29000000	840.93000000	58	31	0
2026.08.29 06:26:00	841.10000000	842.09000000	841.10000000	842.06000000	57	31	0
2026.08.29 06:27:00	842.12000000	842.91000000	840.04000000	840.04000000	60	31	0
2026.08.29 06:28:00	840.04000000	840.45000000	839.65000000	840.42000000	58	31	0
2026.08.29 06:29:00	840.23000000	841.46000000	839.75000000	840.82000000	57	31	0
2026.08.29 06:30:00	840.78000000	841.14000000	839.88000000	841.14000000	57	31	0
2026.08.29 06:31:00	841.06000000	843.54000000	841.06000000	843.54000000	57	31	0
2026.08.29 06:32:00	843.65000000	843.72000000	841.24000000	841.27000000	59	31	0
2026.08.29 06:33:00	841.24000000	842.44000000	841.08000000	841.72000000	55	31	0
2026.08.29 06:34:00	841.63000000	841.63000000	839.54000000	839.93000000	59	31	0
2026.08.29 06:35:00	839.86000000	842.80000000	839.86000000	842.52000000	60	31	0
2026.08.29 06:36:00	842.27000000	842.27000000	840.78000000	841.92000000	59	31	0
2026.08.29 06:37:00	841.93000000	844.87000000	841.84000000	844.71000000	59	31	0
2026.08.29 06:38:00	844.57000000	845.33000000	843.44000000	844.83000000	60	31	0
2026.08.29 06:39:00	844.81000000	844.91000000	842.88000000	843.41000000	59	31	0
2026.08.29 06:40:00	843.53000000	845.00000000	843.53000000	844.63000000	59	31	0
2026.08.29 06:41:00	844.62000000	846.16000000	844.22000000	846.04000000	59	31	0
2026.08.29 06:42:00	845.87000000	846.42000000	845.02000000	846.42000000	60	31	0
2026.08.29 06:43:00	846.43000000	846.64000000	843.70000000	843.70000000	60	31	0
2026.08.29 06:44:00	843.55000000	844.13000000	842.48000000	842.89000000	59	31	0
2026.08.29 06:45:00	843.09000000	843.77000000	842.61000000	842.80000000	60	31	0
2026.08.29 06:46:00	842.75000000	843.61000000	842.53000000	843.23000000	58	31	0
2026.08.29 06:47:00	843.06000000	844.68000000	842.81000000	843.78000000	58	31	0
2026.08.29 06:48:00	844.04000000	844.80000000	842.73000000	843.05000000	59	31	0
2026.08.29 06:49:00	842.92000000	843.47000000	841.58000000	842.26000000	57	31	0
2026.08.29 06:50:00	842.22000000	842.22000000	839.30000000	839.70000000	59	31	0
2026.08.29 06:51:00	839.79000000	839.99000000	838.62000000	838.80000000	59	31	0
2026.08.29 06:52:00	838.68000000	841.59000000	838.68000000	841.54000000	59	31	0
2026.08.29 06:53:00	841.52000000	841.52000000	840.17000000	840.58000000	60	31	0
2026.08.29 06:54:00	840.49000000	841.89000000	839.97000000	841.46000000	59	31	0
2026.08.29 06:55:00	841.50000000	842.73000000	841.32000000	842.33000000	58	31	0
2026.08.29 06:56:00	842.23000000	842.70000000	840.51000000	840.72000000	60	31	0
2026.08.29 06:57:00	840.92000000	841.43000000	840.05000000	840.46000000	60	31	0
2026.08.29 06:58:00	840.44000000	841.52000000	840.19000000	841.40000000	59	31	0
2026.08.29 06:59:00	841.50000000	841.75000000	840.14000000	840.76000000	59	31	0
2026.08.29 07:00:00	840.59000000	841.69000000	840.07000000	840.91000000	59	31	0
2026.08.29 07:01:00	840.53000000	840.61000000	839.34000000	839.48000000	57	31	0
2026.08.29 07:02:00	839.59000000	840.40000000	838.53000000	838.65000000	59	31	0
2026.08.29 07:03:00	838.82000000	839.79000000	838.75000000	839.14000000	58	31	0
2026.08.29 07:04:00	839.58000000	841.06000000	838.92000000	840.31000000	59	31	0
2026.08.29 07:05:00	840.07000000	840.26000000	838.78000000	839.13000000	57	31	0
2026.08.29 07:06:00	839.20000000	840.44000000	839.20000000	840.35000000	56	31	0
2026.08.29 07:07:00	840.26000000	842.68000000	840.26000000	842.23000000	59	31	0
2026.08.29 07:08:00	842.16000000	842.64000000	841.69000000	842.18000000	58	31	0
2026.08.29 07:09:00	841.98000000	842.03000000	840.56000000	840.70000000	59	31	0
2026.08.29 07:10:00	840.80000000	840.98000000	839.53000000	840.83000000	60	31	0
2026.08.29 07:11:00	840.93000000	841.27000000	839.67000000	840.34000000	59	31	0
2026.08.29 07:12:00	840.30000000	841.68000000	839.88000000	841.12000000	59	31	0
2026.08.29 07:13:00	840.95000000	841.78000000	840.30000000	841.66000000	59	31	0
2026.08.29 07:14:00	841.73000000	842.39000000	841.07000000	841.80000000	58	31	0
2026.08.29 07:15:00	842.05000000	842.51000000	840.61000000	840.61000000	58	31	0
2026.08.29 07:16:00	840.77000000	841.41000000	840.21000000	840.91000000	59	31	0
2026.08.29 07:17:00	840.95000000	841.22000000	839.59000000	839.59000000	58	31	0
2026.08.29 07:18:00	839.67000000	841.26000000	839.34000000	839.99000000	60	31	0
2026.08.29 07:19:00	839.93000000	842.05000000	839.93000000	841.87000000	58	31	0
2026.08.29 07:20:00	841.84000000	841.84000000	839.52000000	839.63000000	60	31	0
2026.08.29 07:21:00	839.59000000	839.82000000	838.66000000	839.04000000	60	31	0
2026.08.29 07:22:00	839.35000000	840.79000000	839.35000000	840.19000000	58	31	0
2026.08.29 07:23:00	840.34000000	840.37000000	838.40000000	838.58000000	58	31	0
2026.08.29 07:24:00	838.57000000	838.57000000	837.30000000	837.79000000	59	31	0
2026.08.29 07:25:00	838.09000000	838.56000000	836.88000000	838.56000000	59	31	0
2026.08.29 07:26:00	838.67000000	839.30000000	838.33000000	839.30000000	56	31	0
2026.08.29 07:27:00	839.26000000	840.24000000	838.71000000	839.85000000	59	31	0
2026.08.29 07:28:00	840.00000000	840.00000000	838.35000000	838.52000000	58	31	0
2026.08.29 07:29:00	838.69000000	839.62000000	838.69000000	839.00000000	59	31	0
2026.08.29 07:30:00	838.64000000	838.68000000	837.81000000	837.93000000	59	31	0
2026.08.29 07:31:00	837.88000000	839.63000000	837.86000000	839.63000000	60	31	0
2026.08.29 07:32:00	839.56000000	840.39000000	838.69000000	839.94000000	60	31	0
2026.08.29 07:33:00	839.73000000	839.73000000	837.96000000	838.05000000	58	31	0
2026.08.29 07:34:00	838.06000000	838.56000000	837.77000000	838.16000000	56	31	0
2026.08.29 07:35:00	838.44000000	840.19000000	838.11000000	839.35000000	59	31	0
2026.08.29 07:36:00	839.69000000	840.99000000	839.55000000	840.99000000	59	31	0
2026.08.29 07:37:00	840.74000000	841.51000000	839.98000000	841.42000000	57	31	0
2026.08.29 07:38:00	841.38000000	842.31000000	841.17000000	841.89000000	60	31	0
2026.08.29 07:39:00	841.82000000	842.37000000	841.28000000	842.02000000	56	31	0
2026.08.29 07:40:00	842.08000000	842.42000000	839.99000000	840.52000000	59	31	0
2026.08.29 07:41:00	840.41000000	842.19000000	840.19000000	842.17000000	59	31	0
2026.08.29 07:42:00	841.90000000	841.90000000	839.70000000	841.10000000	59	31	0
2026.08.29 07:43:00	841.14000000	842.89000000	840.91000000	841.74000000	59	31	0
2026.08.29 07:44:00	841.84000000	842.33000000	841.50000000	841.65000000	60	31	0
2026.08.29 07:45:00	841.63000000	842.76000000	841.32000000	841.32000000	58	31	0
2026.08.29 07:46:00	841.20000000	842.16000000	840.79000000	840.79000000	59	31	0
2026.08.29 07:47:00	840.89000000	842.55000000	840.89000000	842.30000000	59	31	0
2026.08.29 07:48:00	842.16000000	842.16000000	840.51000000	840.51000000	59	31	0
2026.08.29 07:49:00	840.65000000	841.10000000	840.07000000	840.07000000	57	31	0
2026.08.29 07:50:00	839.77000000	840.48000000	838.89000000	839.44000000	59	31	0
2026.08.29 07:51:00	839.41000000	839.96000000	838.80000000	839.07000000	59	31	0
2026.08.29 07:52:00	839.10000000	840.15000000	838.65000000	838.95000000	59	31	0
2026.08.29 07:53:00	838.90000000	839.63000000	838.68000000	839.17000000	58	31	0
2026.08.29 07:54:00	839.31000000	839.69000000	838.40000000	839.27000000	59	31	0
2026.08.29 07:55:00	839.46000000	840.95000000	839.45000000	840.13000000	57	31	0
2026.08.29 07:56:00	839.92000000	840.51000000	838.95000000	840.23000000	58	31	0
2026.08.29 07:57:00	840.08000000	840.08000000	838.05000000	838.15000000	60	31	0
2026.08.29 07:58:00	838.26000000	839.64000000	837.66000000	839.30000000	57	31	0
2026.08.29 07:59:00	839.16000000	839.35000000	838.33000000	839.05000000	57	31	0
2026.08.29 08:00:00	839.07000000	839.07000000	837.52000000	837.95000000	59	31	0
2026.08.29 08:01:00	837.83000000	837.85000000	833.61000000	833.81000000	59	31	0
2026.08.29 08:02:00	833.94000000	834.06000000	832.09000000	832.17000000	58	31	0
2026.08.29 08:03:00	832.14000000	833.15000000	830.90000000	831.79000000	58	31	0
2026.08.29 08:04:00	831.75000000	831.75000000	829.41000000	830.21000000	58	31	0
2026.08.29 08:05:00	830.34000000	830.34000000	829.47000000	829.87000000	58	31	0
2026.08.29 08:06:00	829.96000000	831.42000000	829.96000000	831.21000000	59	31	0
2026.08.29 08:07:00	831.16000000	831.22000000	830.45000000	830.53000000	58	31	0
2026.08.29 08:08:00	830.51000000	833.09000000	830.37000000	831.97000000	59	31	0
2026.08.29 08:09:00	832.09000000	832.43000000	831.31000000	831.82000000	59	31	0
2026.08.29 08:10:00	831.79000000	833.37000000	831.66000000	833.36000000	58	31	0
2026.08.29 08:11:00	833.20000000	834.73000000	833.18000000	834.73000000	56	31	0
2026.08.29 08:12:00	834.68000000	835.29000000	833.56000000	834.79000000	58	31	0
2026.08.29 08:13:00	835.13000000	836.62000000	835.08000000	835.31000000	59	31	0
2026.08.29 08:14:00	835.63000000	836.31000000	834.81000000	834.91000000	58	31	0
2026.08.29 08:15:00	834.81000000	835.10000000	834.10000000	834.66000000	59	31	0
2026.08.29 08:16:00	834.57000000	834.67000000	833.29000000	833.34000000	59	31	0
2026.08.29 08:17:00	833.24000000	833.34000000	831.58000000	831.59000000	60	31	0
2026.08.29 08:18:00	831.66000000	833.16000000	831.66000000	832.89000000	57	31	0
2026.08.29 08:19:00	833.02000000	833.13000000	831.73000000	832.71000000	55	31	0
2026.08.29 08:20:00	832.85000000	834.50000000	832.63000000	834.31000000	59	31	0
2026.08.29 08:21:00	834.34000000	834.73000000	833.08000000	833.67000000	57	31	0
2026.08.29 08:22:00	833.60000000	834.01000000	833.22000000	833.67000000	58	31	0
2026.08.29 08:23:00	833.67000000	833.77000000	832.10000000	832.65000000	59	31	0
2026.08.29 08:24:00	832.74000000	833.62000000	832.59000000	833.44000000	58	31	0
2026.08.29 08:25:00	833.58000000	833.58000000	832.04000000	833.22000000	56	31	0
2026.08.29 08:26:00	833.25000000	833.83000000	832.90000000	833.62000000	56	31	0
2026.08.29 08:27:00	833.83000000	835.79000000	833.36000000	835.57000000	57	31	0
2026.08.29 08:28:00	835.77000000	836.86000000	835.65000000	836.79000000	59	31	0
2026.08.29 08:29:00	836.87000000	837.38000000	835.93000000	836.80000000	57	31	0
2026.08.29 08:30:00	836.82000000	837.18000000	835.12000000	835.12000000	58	31	0
2026.08.29 08:31:00	835.12000000	836.02000000	834.24000000	834.24000000	57	31	0
2026.08.29 08:32:00	834.30000000	834.37000000	832.58000000	832.92000000	55	31	0
2026.08.29 08:33:00	832.88000000	832.88000000	830.85000000	831.13000000	60	31	0
2026.08.29 08:34:00	831.33000000	833.06000000	830.97000000	832.95000000	56	31	0
2026.08.29 08:35:00	832.94000000	836.09000000	832.94000000	835.83000000	56	31	0
2026.08.29 08:36:00	835.95000000	836.87000000	835.39000000	836.30000000	58	31	0
2026.08.29 08:37:00	836.63000000	837.71000000	835.65000000	836.05000000	58	31	0
2026.08.29 08:38:00	835.87000000	837.85000000	835.81000000	837.85000000	57	31	0
2026.08.29 08:39:00	838.02000000	839.03000000	836.92000000	836.92000000	59	31	0
2026.08.29 08:40:00	837.08000000	838.51000000	836.84000000	837.64000000	59	31	0
2026.08.29 08:41:00	837.70000000	838.98000000	837.64000000	838.34000000	60	31	0
2026.08.29 08:42:00	838.29000000	838.69000000	837.45000000	837.99000000	59	31	0
2026.08.29 08:43:00	838.02000000	838.84000000	837.88000000	838.24000000	59	31	0
2026.08.29 08:44:00	837.97000000	838.34000000	836.91000000	837.43000000	58	31	0
2026.08.29 08:45:00	837.14000000	839.88000000	837.09000000	839.79000000	58	31	0
2026.08.29 08:46:00	839.79000000	842.10000000	839.50000000	841.93000000	58	31	0
2026.08.29 08:47:00	842.10000000	843.06000000	841.79000000	841.85000000	59	31	0
2026.08.29 08:48:00	842.22000000	843.12000000	841.82000000	842.90000000	60	31	0
2026.08.29 08:49:00	843.03000000	843.54000000	842.11000000	842.56000000	59	31	0
2026.08.29 08:50:00	842.69000000	844.11000000	842.64000000	842.99000000	58	31	0
2026.08.29 08:51:00	842.74000000	844.32000000	842.55000000	843.21000000	58	31	0
2026.08.29 08:52:00	843.37000000	845.81000000	842.74000000	845.07000000	59	31	0
2026.08.29 08:53:00	845.35000000	847.40000000	845.11000000	846.67000000	60	31	0
2026.08.29 08:54:00	846.71000000	847.95000000	846.56000000	847.28000000	60	31	0
2026.08.29 08:55:00	847.20000000	847.20000000	846.13000000	846.68000000	60	31	0
2026.08.29 08:56:00	846.76000000	848.12000000	845.13000000	845.18000000	60	31	0
2026.08.29 08:57:00	845.45000000	845.45000000	843.31000000	843.31000000	59	31	0
2026.08.29 08:58:00	843.02000000	843.19000000	842.17000000	842.81000000	59	31	0
2026.08.29 08:59:00	842.89000000	844.76000000	842.89000000	843.84000000	55	31	0
2026.08.29 09:00:00	843.76000000	845.61000000	842.36000000	844.77000000	58	31	0
2026.08.29 09:01:00	844.78000000	845.51000000	844.11000000	845.10000000	59	31	0
2026.08.29 09:02:00	844.87000000	845.44000000	844.44000000	845.34000000	58	31	0
2026.08.29 09:03:00	845.24000000	845.39000000	844.04000000	844.74000000	57	31	0
2026.08.29 09:04:00	844.94000000	846.07000000	844.75000000	845.22000000	59	31	0
2026.08.29 09:05:00	845.26000000	847.48000000	844.98000000	847.26000000	60	31	0
2026.08.29 09:06:00	847.36000000	848.45000000	846.79000000	848.11000000	59	31	0
2026.08.29 09:07:00	848.11000000	848.11000000	845.67000000	846.66000000	59	31	0
2026.08.29 09:08:00	846.73000000	847.61000000	846.34000000	847.48000000	59	31	0
2026.08.29 09:09:00	847.33000000	848.15000000	846.84000000	847.73000000	59	31	0
2026.08.29 09:10:00	847.73000000	848.98000000	847.18000000	847.25000000	59	31	0
2026.08.29 09:11:00	847.22000000	847.61000000	846.11000000	846.43000000	59	31	0
2026.08.29 09:12:00	846.55000000	846.75000000	844.50000000	844.67000000	56	31	0
2026.08.29 09:13:00	844.94000000	845.81000000	843.91000000	844.93000000	60	31	0
2026.08.29 09:14:00	845.17000000	845.94000000	844.02000000	844.33000000	60	31	0
2026.08.29 09:15:00	844.17000000	844.89000000	843.66000000	843.68000000	59	31	0
2026.08.29 09:16:00	843.76000000	844.38000000	843.48000000	844.35000000	57	31	0
2026.08.29 09:17:00	844.66000000	847.01000000	844.28000000	846.74000000	59	31	0
2026.08.29 09:18:00	846.88000000	848.62000000	846.60000000	848.62000000	60	31	0
2026.08.29 09:19:00	848.80000000	849.62000000	848.16000000	848.67000000	59	31	0
2026.08.29 09:20:00	848.63000000	848.87000000	848.20000000	848.34000000	59	31	0
2026.08.29 09:21:00	848.55000000	849.02000000	847.83000000	848.43000000	56	31	0
2026.08.29 09:22:00	848.46000000	849.67000000	848.46000000	849.33000000	58	31	0
2026.08.29 09:23:00	849.44000000	851.03000000	849.42000000	851.03000000	59	31	0
2026.08.29 09:24:00	850.86000000	851.92000000	850.59000000	851.21000000	60	31	0
2026.08.29 09:25:00	851.23000000	853.06000000	851.22000000	853.06000000	58	31	0
2026.08.29 09:26:00	853.26000000	853.26000000	851.68000000	852.06000000	58	31	0
2026.08.29 09:27:00	852.06000000	852.09000000	850.20000000	850.94000000	59	31	0
2026.08.29 09:28:00	850.99000000	852.20000000	850.75000000	850.75000000	59	31	0
2026.08.29 09:29:00	850.79000000	851.05000000	849.23000000	849.28000000	58	31	0
2026.08.29 09:30:00	849.37000000	849.44000000	847.69000000	848.57000000	60	31	0
2026.08.29 09:31:00	848.64000000	848.72000000	847.36000000	848.03000000	57	31	0
2026.08.29 09:32:00	848.11000000	848.24000000	846.97000000	847.34000000	58	31	0
2026.08.29 09:33:00	847.81000000	848.50000000	846.48000000	846.80000000	59	31	0
2026.08.29 09:34:00	846.65000000	847.12000000	845.58000000	847.12000000	59	31	0
2026.08.29 09:35:00	847.07000000	847.43000000	846.26000000	847.03000000	59	31	0
2026.08.29 09:36:00	846.92000000	847.33000000	845.84000000	847.33000000	59	31	0
2026.08.29 09:37:00	847.49000000	847.75000000	846.93000000	847.48000000	59	31	0
2026.08.29 09:38:00	847.39000000	849.16000000	847.06000000	848.15000000	59	31	0
2026.08.29 09:39:00	848.05000000	849.17000000	847.33000000	847.37000000	57	31	0
2026.08.29 09:40:00	847.14000000	847.66000000	846.64000000	846.73000000	59	31	0
2026.08.29 09:41:00	846.75000000	847.31000000	846.31000000	847.22000000	59	31	0
2026.08.29 09:42:00	846.92000000	848.48000000	846.26000000	848.35000000	57	31	0
2026.08.29 09:43:00	848.53000000	849.00000000	848.15000000	848.23000000	58	31	0
2026.08.29 09:44:00	848.14000000	848.14000000	846.40000000	846.40000000	57	31	0
2026.08.29 09:45:00	846.43000000	847.63000000	844.99000000	844.99000000	59	31	0
2026.08.29 09:46:00	845.01000000	846.63000000	844.83000000	846.53000000	58	31	0
2026.08.29 09:47:00	846.49000000	846.57000000	843.82000000	843.82000000	55	31	0
2026.08.29 09:48:00	843.74000000	844.21000000	842.21000000	842.66000000	60	31	0
2026.08.29 09:49:00	842.44000000	842.72000000	841.12000000	841.12000000	59	31	0
2026.08.29 09:50:00	841.17000000	841.71000000	840.58000000	841.42000000	60	31	0
2026.08.29 09:51:00	841.45000000	841.79000000	840.17000000	840.33000000	58	31	0
2026.08.29 09:52:00	840.43000000	841.05000000	839.88000000	840.11000000	59	31	0
2026.08.29 09:53:00	839.87000000	842.08000000	839.59000000	841.58000000	60	31	0
2026.08.29 09:54:00	841.41000000	842.69000000	841.19000000	842.64000000	56	31	0
2026.08.29 09:55:00	842.66000000	843.51000000	841.94000000	842.46000000	60	31	0
2026.08.29 09:56:00	842.55000000	843.33000000	841.38000000	841.39000000	57	31	0
2026.08.29 09:57:00	841.56000000	841.94000000	839.67000000	841.91000000	59	31	0
2026.08.29 09:58:00	842.05000000	844.08000000	841.99000000	843.97000000	58	31	0
2026.08.29 09:59:00	844.13000000	844.13000000	842.75000000	842.98000000	59	31	0
2026.08.29 10:00:00	843.17000000	843.52000000	841.84000000	841.89000000	59	31	0
2026.08.29 10:01:00	842.03000000	842.29000000	841.17000000	841.29000000	58	31	0
2026.08.29 10:02:00	841.34000000	841.59000000	840.14000000	840.40000000	59	31	0
2026.08.29 10:03:00	840.22000000	840.69000000	839.47000000	840.69000000	59	31	0
2026.08.29 10:04:00	840.87000000	841.22000000	840.34000000	840.84000000	59	31	0
2026.08.29 10:05:00	840.99000000	843.18000000	840.91000000	842.99000000	57	31	0
2026.08.29 10:06:00	842.93000000	842.93000000	841.33000000	841.33000000	59	31	0
2026.08.29 10:07:00	841.28000000	841.91000000	841.13000000	841.38000000	60	31	0
2026.08.29 10:08:00	841.34000000	843.59000000	841.14000000	842.92000000	60	31	0
2026.08.29 10:09:00	842.85000000	843.59000000	842.17000000	843.26000000	60	31	0
2026.08.29 10:10:00	843.30000000	843.96000000	843.15000000	843.52000000	59	31	0
2026.08.29 10:11:00	843.33000000	843.33000000	842.04000000	842.77000000	60	31	0
2026.08.29 10:12:00	842.53000000	844.84000000	842.51000000	844.02000000	58	31	0
2026.08.29 10:13:00	844.09000000	844.35000000	842.68000000	843.45000000	59	31	0
2026.08.29 10:14:00	843.29000000	845.41000000	843.29000000	845.36000000	59	31	0
2026.08.29 10:15:00	845.31000000	846.77000000	844.82000000	844.89000000	60	31	0
2026.08.29 10:16:00	845.08000000	847.23000000	845.08000000	846.43000000	58	31	0
2026.08.29 10:17:00	846.45000000	847.92000000	846.45000000	847.28000000	57	31	0
2026.08.29 10:18:00	847.47000000	847.84000000	846.16000000	846.36000000	59	31	0
2026.08.29 10:19:00	846.24000000	848.66000000	846.24000000	848.39000000	59	31	0
2026.08.29 10:20:00	848.38000000	848.46000000	847.41000000	847.99000000	60	31	0
2026.08.29 10:21:00	848.19000000	848.44000000	846.77000000	847.90000000	56	31	0
2026.08.29 10:22:00	847.79000000	847.86000000	845.75000000	845.75000000	58	31	0
2026.08.29 10:23:00	845.51000000	847.37000000	845.49000000	845.57000000	60	31	0
2026.08.29 10:24:00	845.47000000	847.25000000	844.93000000	845.81000000	59	31	0
2026.08.29 10:25:00	845.87000000	845.88000000	843.97000000	844.82000000	60	31	0
2026.08.29 10:26:00	844.72000000	844.97000000	843.68000000	843.82000000	59	31	0
2026.08.29 10:27:00	843.82000000	845.29000000	843.54000000	845.26000000	59	31	0
2026.08.29 10:28:00	845.22000000	845.86000000	844.60000000	845.18000000	56	31	0
2026.08.29 10:29:00	845.05000000	845.14000000	842.95000000	843.15000000	59	31	0
2026.08.29 10:30:00	843.02000000	843.88000000	842.51000000	843.71000000	56	31	0
2026.08.29 10:31:00	843.71000000	846.39000000	843.70000000	845.70000000	59	31	0
2026.08.29 10:32:00	845.81000000	846.07000000	844.50000000	845.90000000	58	31	0
2026.08.29 10:33:00	845.93000000	846.85000000	845.79000000	846.00000000	59	31	0
2026.08.29 10:34:00	845.98000000	846.38000000	845.13000000	845.47000000	59	31	0
2026.08.29 10:35:00	845.37000000	845.93000000	844.25000000	845.01000000	59	31	0
2026.08.29 10:36:00	845.08000000	846.74000000	845.08000000	845.67000000	60	31	0
2026.08.29 10:37:00	845.66000000	846.33000000	844.57000000	844.84000000	59	31	0
2026.08.29 10:38:00	844.85000000	845.54000000	844.36000000	844.60000000	59	31	0
2026.08.29 10:39:00	844.51000000	846.02000000	844.51000000	845.71000000	60	31	0
2026.08.29 10:40:00	845.66000000	845.66000000	844.42000000	845.14000000	60	31	0
2026.08.29 10:41:00	845.01000000	845.34000000	844.26000000	844.65000000	57	31	0
2026.08.29 10:42:00	844.75000000	845.48000000	844.47000000	844.81000000	60	31	0
2026.08.29 10:43:00	844.99000000	844.99000000	843.27000000	843.27000000	59	31	0
2026.08.29 10:44:00	843.36000000	844.63000000	842.28000000	844.63000000	58	31	0
2026.08.29 10:45:00	844.53000000	845.13000000	843.58000000	843.58000000	58	31	0
2026.08.29 10:46:00	843.52000000	845.07000000	843.28000000	844.73000000	59	31	0
2026.08.29 10:47:00	844.58000000	844.77000000	843.41000000	843.41000000	59	31	0
2026.08.29 10:48:00	843.46000000	844.17000000	842.86000000	843.36000000	57	31	0
2026.08.29 10:49:00	843.54000000	845.36000000	843.54000000	845.36000000	59	31	0
2026.08.29 10:50:00	845.25000000	845.25000000	842.90000000	842.90000000	58	31	0
2026.08.29 10:51:00	842.76000000	842.99000000	840.83000000	841.61000000	58	31	0
2026.08.29 10:52:00	841.87000000	842.13000000	840.63000000	841.88000000	60	31	0
2026.08.29 10:53:00	841.80000000	842.48000000	841.42000000	841.46000000	58	31	0
2026.08.29 10:54:00	841.38000000	842.47000000	841.34000000	842.36000000	58	31	0
2026.08.29 10:55:00	842.19000000	842.19000000	839.57000000	840.10000000	59	31	0
2026.08.29 10:56:00	839.93000000	841.15000000	839.55000000	839.55000000	59	31	0
2026.08.29 10:57:00	839.64000000	840.12000000	839.29000000	839.86000000	58	31	0
2026.08.29 10:58:00	839.90000000	840.47000000	839.62000000	840.22000000	58	31	0
2026.08.29 10:59:00	840.40000000	841.47000000	839.70000000	841.47000000	56	31	0
2026.08.29 11:00:00	841.57000000	842.03000000	840.77000000	841.22000000	56	31	0
2026.08.29 11:01:00	841.29000000	842.59000000	841.26000000	841.41000000	57	31	0
2026.08.29 11:02:00	841.52000000	841.59000000	840.46000000	841.46000000	56	31	0
2026.08.29 11:03:00	841.55000000	843.74000000	841.55000000	843.27000000	59	31	0
2026.08.29 11:04:00	843.31000000	845.53000000	842.81000000	845.53000000	60	31	0
2026.08.29 11:05:00	845.56000000	846.86000000	845.10000000	846.86000000	60	31	0
2026.08.29 11:06:00	846.51000000	846.71000000	844.79000000	845.43000000	58	31	0
2026.08.29 11:07:00	845.58000000	847.87000000	845.35000000	846.42000000	59	31	0
2026.08.29 11:08:00	846.62000000	846.84000000	844.38000000	844.65000000	59	31	0
2026.08.29 11:09:00	844.71000000	844.96000000	843.26000000	843.26000000	59	31	0
2026.08.29 11:10:00	843.18000000	844.61000000	842.90000000	843.00000000	58	31	0
2026.08.29 11:11:00	842.96000000	843.08000000	841.28000000	841.31000000	59	31	0
2026.08.29 11:12:00	841.10000000	841.38000000	840.09000000	840.33000000	57	31	0
2026.08.29 11:13:00	840.17000000	840.29000000	838.33000000	838.62000000	60	31	0
2026.08.29 11:14:00	838.58000000	838.58000000	836.22000000	837.04000000	59	31	0
2026.08.29 11:15:00	837.18000000	838.19000000	836.71000000	837.28000000	59	31	0
2026.08.29 11:16:00	837.22000000	837.48000000	836.49000000	837.02000000	58	31	0
2026.08.29 11:17:00	836.97000000	838.77000000	836.90000000	838.74000000	59	31	0
2026.08.29 11:18:00	838.75000000	840.51000000	838.05000000	839.96000000	58	31	0
2026.08.29 11:19:00	839.92000000	840.60000000	839.41000000	839.81000000	59	31	0
2026.08.29 11:20:00	839.86000000	841.36000000	839.77000000	841.03000000	58	31	0
2026.08.29 11:21:00	840.76000000	841.40000000	840.22000000	841.09000000	58	31	0
2026.08.29 11:22:00	841.01000000	842.63000000	840.72000000	841.89000000	56	31	0
2026.08.29 11:23:00	841.92000000	842.45000000	841.37000000	842.45000000	58	31	0
2026.08.29 11:24:00	842.34000000	842.77000000	840.16000000	840.16000000	59	31	0
2026.08.29 11:25:00	840.19000000	840.97000000	839.06000000	839.30000000	58	31	0
2026.08.29 11:26:00	839.16000000	840.01000000	839.12000000	839.79000000	60	31	0
2026.08.29 11:27:00	839.88000000	842.34000000	839.84000000	842.34000000	60	31	0
2026.08.29 11:28:00	842.19000000	842.78000000	840.96000000	841.60000000	60	31	0
2026.08.29 11:29:00	841.68000000	842.21000000	840.67000000	840.67000000	59	31	0
2026.08.29 11:30:00	840.62000000	842.30000000	840.45000000	842.13000000	60	31	0
2026.08.29 11:31:00	842.26000000	842.75000000	841.02000000	842.08000000	58	31	0
2026.08.29 11:32:00	842.39000000	842.46000000	841.08000000	841.08000000	58	31	0
2026.08.29 11:33:00	841.11000000	841.30000000	839.78000000	841.30000000	60	31	0
2026.08.29 11:34:00	840.99000000	842.42000000	840.63000000	841.86000000	57	31	0
2026.08.29 11:35:00	841.99000000	842.85000000	841.36000000	842.85000000	60	31	0
2026.08.29 11:36:00	842.63000000	843.24000000	842.08000000	842.39000000	60	31	0
2026.08.29 11:37:00	841.97000000	842.52000000	840.83000000	841.15000000	59	31	0
2026.08.29 11:38:00	841.07000000	841.09000000	840.03000000	841.09000000	59	31	0
2026.08.29 11:39:00	841.30000000	842.74000000	841.08000000	842.69000000	60	31	0
2026.08.29 11:40:00	842.61000000	843.73000000	841.55000000	841.65000000	56	31	0
2026.08.29 11:41:00	841.57000000	843.26000000	841.42000000	842.36000000	57	31	0
2026.08.29 11:42:00	842.52000000	842.91000000	841.80000000	841.80000000	58	31	0
2026.08.29 11:43:00	841.46000000	841.77000000	839.63000000	840.18000000	58	31	0
2026.08.29 11:44:00	840.17000000	840.46000000	838.34000000	838.77000000	57	31	0
2026.08.29 11:45:00	838.84000000	839.45000000	837.86000000	838.70000000	58	31	0
2026.08.29 11:46:00	838.70000000	839.70000000	837.73000000	839.49000000	59	31	0
2026.08.29 11:47:00	839.50000000	839.50000000	837.68000000	837.98000000	58	31	0
2026.08.29 11:48:00	837.98000000	837.98000000	836.45000000	837.28000000	58	31	0
2026.08.29 11:49:00	837.25000000	837.31000000	835.92000000	837.13000000	59	31	0
2026.08.29 11:50:00	836.97000000	837.24000000	835.49000000	837.01000000	60	31	0
2026.08.29 11:51:00	837.15000000	837.15000000	834.81000000	835.10000000	57	31	0
2026.08.29 11:52:00	835.15000000	835.76000000	834.67000000	834.80000000	59	31	0
2026.08.29 11:53:00	834.80000000	835.88000000	833.99000000	833.99000000	56	31	0
2026.08.29 11:54:00	833.98000000	833.98000000	831.97000000	832.21000000	59	31	0
2026.08.29 11:55:00	832.22000000	834.20000000	832.20000000	833.61000000	59	31	0
2026.08.29 11:56:00	833.51000000	835.65000000	833.51000000	835.65000000	57	31	0
2026.08.29 11:57:00	835.92000000	837.12000000	835.75000000	837.12000000	56	31	0
2026.08.29 11:58:00	837.22000000	838.14000000	835.59000000	835.79000000	58	31	0
2026.08.29 11:59:00	835.48000000	836.41000000	835.19000000	836.26000000	60	31	0
2026.08.29 12:00:00	836.20000000	836.57000000	834.91000000	835.06000000	59	31	0
2026.08.29 12:01:00	835.32000000	835.49000000	834.65000000	835.14000000	57	31	0
2026.08.29 12:02:00	835.31000000	836.31000000	835.31000000	835.57000000	60	31	0
2026.08.29 12:03:00	835.25000000	835.88000000	834.04000000	835.47000000	59	31	0
2026.08.29 12:04:00	835.45000000	835.45000000	833.03000000	834.09000000	58	31	0
2026.08.29 12:05:00	834.16000000	835.35000000	833.89000000	834.16000000	58	31	0
2026.08.29 12:06:00	833.90000000	835.54000000	833.27000000	835.31000000	60	31	0
2026.08.29 12:07:00	835.08000000	836.18000000	834.67000000	835.48000000	58	31	0
2026.08.29 12:08:00	835.37000000	835.91000000	834.91000000	835.04000000	54	31	0
2026.08.29 12:09:00	834.75000000	834.75000000	833.45000000	833.54000000	59	31	0
2026.08.29 12:10:00	833.49000000	833.71000000	830.22000000	830.22000000	60	31	0
2026.08.29 12:11:00	830.37000000	832.68000000	829.28000000	832.51000000	59	31	0
2026.08.29 12:12:00	832.37000000	832.44000000	831.15000000	831.15000000	58	31	0
2026.08.29 12:13:00	831.08000000	832.47000000	830.88000000	832.26000000	58	31	0
2026.08.29 12:14:00	832.46000000	833.20000000	831.80000000	832.31000000	58	31	0
2026.08.29 12:15:00	832.26000000	832.50000000	831.19000000	832.36000000	58	31	0
2026.08.29 12:16:00	832.25000000	832.82000000	831.68000000	832.42000000	60	31	0
2026.08.29 12:17:00	832.25000000	832.51000000	828.87000000	828.92000000	59	31	0
2026.08.29 12:18:00	828.83000000	829.27000000	827.54000000	827.76000000	59	31	0
2026.08.29 12:19:00	827.62000000	829.28000000	827.33000000	829.16000000	55	31	0
2026.08.29 12:20:00	829.32000000	829.47000000	828.21000000	828.55000000	60	31	0
2026.08.29 12:21:00	828.61000000	829.31000000	828.29000000	828.34000000	56	31	0
2026.08.29 12:22:00	828.01000000	828.42000000	827.15000000	828.24000000	60	31	0
2026.08.29 12:23:00	828.18000000	828.75000000	827.14000000	828.13000000	59	31	0
2026.08.29 12:24:00	828.00000000	829.69000000	827.92000000	828.83000000	59	31	0
2026.08.29 12:25:00	829.04000000	830.11000000	828.12000000	829.85000000	57	31	0
2026.08.29 12:26:00	829.69000000	829.78000000	828.53000000	829.18000000	59	31	0
2026.08.29 12:27:00	829.29000000	829.57000000	828.22000000	828.47000000	60	31	0
2026.08.29 12:28:00	828.68000000	829.97000000	828.62000000	829.08000000	57	31	0
2026.08.29 12:29:00	829.18000000	829.97000000	828.69000000	829.42000000	60	31	0
2026.08.29 12:30:00	829.31000000	830.02000000	828.43000000	828.85000000	58	31	0
2026.08.29 12:31:00	828.97000000	828.97000000	827.24000000	827.40000000	59	31	0
2026.08.29 12:32:00	827.58000000	827.95000000	826.16000000	827.02000000	55	31	0
2026.08.29 12:33:00	827.05000000	827.47000000	825.93000000	826.62000000	58	31	0
2026.08.29 12:34:00	826.48000000	827.55000000	826.23000000	826.55000000	59	31	0
2026.08.29 12:35:00	826.64000000	827.92000000	826.42000000	827.23000000	57	31	0
2026.08.29 12:36:00	827.04000000	828.60000000	826.30000000	828.04000000	56	31	0
2026.08.29 12:37:00	828.24000000	828.52000000	827.79000000	828.05000000	56	31	0
2026.08.29 12:38:00	827.99000000	828.08000000	825.42000000	825.42000000	56	31	0
2026.08.29 12:39:00	825.46000000	825.56000000	824.47000000	825.39000000	55	31	0
2026.08.29 12:40:00	825.32000000	825.46000000	823.80000000	824.51000000	59	31	0
2026.08.29 12:41:00	824.71000000	824.87000000	823.09000000	823.62000000	55	31	0
2026.08.29 12:42:00	823.60000000	824.64000000	822.79000000	823.56000000	59	31	0
2026.08.29 12:43:00	823.63000000	824.45000000	823.41000000	823.83000000	59	31	0
2026.08.29 12:44:00	823.85000000	824.06000000	823.17000000	824.03000000	59	31	0
2026.08.29 12:45:00	824.14000000	825.33000000	823.51000000	823.63000000	57	31	0
2026.08.29 12:46:00	823.60000000	824.16000000	822.48000000	822.81000000	56	31	0
2026.08.29 12:47:00	822.77000000	823.37000000	820.63000000	820.63000000	59	31	0
2026.08.29 12:48:00	820.72000000	821.52000000	820.45000000	820.80000000	60	31	0
2026.08.29 12:49:00	820.66000000	822.21000000	820.25000000	821.17000000	60	31	0
2026.08.29 12:50:00	821.02000000	824.07000000	821.02000000	823.88000000	58	31	0
2026.08.29 12:51:00	823.80000000	826.01000000	823.55000000	825.86000000	59	31	0
2026.08.29 12:52:00	826.02000000	826.38000000	824.86000000	824.86000000	60	31	0
2026.08.29 12:53:00	824.82000000	826.31000000	824.82000000	826.22000000	57	31	0
2026.08.29 12:54:00	826.38000000	827.00000000	825.94000000	826.53000000	59	31	0
2026.08.29 12:55:00	826.49000000	826.49000000	823.99000000	824.15000000	55	31	0
2026.08.29 12:56:00	824.10000000	825.14000000	823.75000000	824.77000000	57	31	0
2026.08.29 12:57:00	824.51000000	825.98000000	824.30000000	824.74000000	60	31	0
2026.08.29 12:58:00	824.75000000	825.15000000	823.79000000	823.81000000	59	31	0
2026.08.29 12:59:00	823.73000000	824.19000000	823.18000000	824.05000000	58	31	0
2026.08.29 13:00:00	824.17000000	824.29000000	821.78000000	822.25000000	58	31	0
2026.08.29 13:01:00	822.30000000	822.30000000	819.60000000	820.45000000	58	31	0
2026.08.29 13:02:00	820.23000000	820.38000000	818.24000000	818.82000000	59	31	0
2026.08.29 13:03:00	818.72000000	819.03000000	816.80000000	817.29000000	58	31	0
2026.08.29 13:04:00	817.56000000	817.61000000	816.27000000	817.34000000	60	31	0
2026.08.29 13:05:00	817.40000000	817.76000000	816.89000000	817.53000000	60	31	0
2026.08.29 13:06:00	817.65000000	818.03000000	816.97000000	817.82000000	58	31	0
2026.08.29 13:07:00	817.72000000	818.06000000	816.91000000	817.93000000	56	31	0
2026.08.29 13:08:00	817.82000000	818.69000000	817.04000000	818.31000000	60	31	0
2026.08.29 13:09:00	818.43000000	819.34000000	818.23000000	818.55000000	59	31	0
2026.08.29 13:10:00	818.41000000	818.87000000	817.37000000	818.18000000	58	31	0
2026.08.29 13:11:00	818.29000000	818.63000000	817.22000000	817.99000000	57	31	0
2026.08.29 13:12:00	817.90000000	819.34000000	817.72000000	818.70000000	58	31	0
2026.08.29 13:13:00	818.62000000	819.20000000	817.31000000	817.63000000	57	31	0
2026.08.29 13:14:00	817.71000000	817.71000000	815.71000000	815.93000000	59	31	0
2026.08.29 13:15:00	815.79000000	816.82000000	815.79000000	816.54000000	58	31	0
2026.08.29 13:16:00	816.77000000	816.89000000	814.93000000	814.93000000	59	31	0
2026.08.29 13:17:00	814.70000000	815.26000000	813.97000000	814.19000000	59	31	0
2026.08.29 13:18:00	814.20000000	814.38000000	812.29000000	813.34000000	58	31	0
2026.08.29 13:19:00	813.20000000	813.90000000	812.20000000	813.90000000	60	31	0
2026.08.29 13:20:00	814.27000000	814.78000000	813.02000000	813.02000000	60	31	0
2026.08.29 13:21:00	812.84000000	813.69000000	812.42000000	812.83000000	57	31	0
2026.08.29 13:22:00	812.95000000	814.54000000	812.72000000	813.91000000	59	31	0
2026.08.29 13:23:00	813.76000000	815.02000000	813.34000000	814.78000000	60	31	0
2026.08.29 13:24:00	814.91000000	815.43000000	814.37000000	815.08000000	58	31	0
2026.08.29 13:25:00	815.03000000	816.67000000	814.71000000	816.67000000	57	31	0
2026.08.29 13:26:00	816.56000000	817.84000000	816.04000000	817.77000000	59	31	0
2026.08.29 13:27:00	817.59000000	818.81000000	817.48000000	818.60000000	58	31	0
2026.08.29 13:28:00	818.56000000	819.54000000	817.84000000	819.54000000	59	31	0
2026.08.29 13:29:00	819.76000000	820.80000000	819.23000000	820.78000000	60	31	0
2026.08.29 13:30:00	820.74000000	821.22000000	819.41000000	819.48000000	59	31	0
2026.08.29 13:31:00	819.55000000	820.79000000	819.10000000	820.68000000	58	31	0
2026.08.29 13:32:00	820.53000000	820.90000000	819.04000000	819.04000000	58	31	0
2026.08.29 13:33:00	818.96000000	819.10000000	817.93000000	818.11000000	59	31	0
2026.08.29 13:34:00	818.08000000	818.37000000	816.52000000	817.62000000	59	31	0
2026.08.29 13:35:00	817.58000000	819.80000000	817.31000000	819.66000000	57	31	0
2026.08.29 13:36:00	819.73000000	819.73000000	818.29000000	818.29000000	56	31	0
2026.08.29 13:37:00	818.22000000	818.50000000	816.36000000	817.10000000	56	31	0
2026.08.29 13:38:00	817.08000000	818.42000000	817.08000000	818.16000000	56	31	0
2026.08.29 13:39:00	818.30000000	818.64000000	817.25000000	818.44000000	59	31	0
2026.08.29 13:40:00	818.45000000	819.09000000	817.88000000	818.72000000	59	31	0
2026.08.29 13:41:00	818.58000000	818.83000000	817.13000000	817.41000000	60	31	0
2026.08.29 13:42:00	817.49000000	818.49000000	816.54000000	816.74000000	56	31	0
2026.08.29 13:43:00	817.02000000	817.68000000	815.73000000	817.23000000	59	31	0
2026.08.29 13:44:00	817.33000000	818.63000000	817.33000000	818.00000000	59	31	0
2026.08.29 13:45:00	818.28000000	819.01000000	817.97000000	818.49000000	58	31	0
2026.08.29 13:46:00	818.58000000	819.31000000	817.92000000	818.24000000	59	31	0
2026.08.29 13:47:00	818.04000000	818.84000000	817.82000000	818.41000000	59	31	0
2026.08.29 13:48:00	818.37000000	818.85000000	817.21000000	817.21000000	55	31	0
2026.08.29 13:49:00	817.34000000	818.38000000	817.25000000	817.83000000	59	31	0
2026.08.29 13:50:00	817.64000000	817.93000000	816.79000000	816.79000000	58	31	0
2026.08.29 13:51:00	817.03000000	817.21000000	815.70000000	816.25000000	58	31	0
2026.08.29 13:52:00	816.04000000	816.50000000	814.90000000	816.44000000	60	31	0
2026.08.29 13:53:00	816.38000000	817.26000000	815.53000000	817.12000000	60	31	0
2026.08.29 13:54:00	817.22000000	817.38000000	815.40000000	815.83000000	60	31	0
2026.08.29 13:55:00	815.80000000	817.08000000	815.72000000	816.81000000	60	31	0
2026.08.29 13:56:00	816.85000000	817.33000000	815.80000000	815.82000000	57	31	0
2026.08.29 13:57:00	815.84000000	816.98000000	815.20000000	815.62000000	59	31	0
2026.08.29 13:58:00	815.38000000	816.21000000	814.80000000	814.98000000	60	31	0
2026.08.29 13:59:00	815.02000000	815.58000000	813.98000000	814.48000000	58	31	0
2026.08.29 14:00:00	814.59000000	815.67000000	814.45000000	814.91000000	58	31	0
2026.08.29 14:01:00	815.10000000	816.29000000	814.55000000	816.13000000	59	31	0
2026.08.29 14:02:00	816.08000000	816.79000000	815.81000000	815.90000000	58	31	0
2026.08.29 14:03:00	816.02000000	816.75000000	815.22000000	816.57000000	58	31	0
2026.08.29 14:04:00	816.71000000	819.11000000	816.60000000	818.19000000	59	31	0
2026.08.29 14:05:00	818.36000000	819.05000000	818.20000000	818.26000000	59	31	0
2026.08.29 14:06:00	818.49000000	819.38000000	818.11000000	818.37000000	59	31	0
2026.08.29 14:07:00	818.40000000	818.80000000	817.38000000	818.00000000	59	31	0
2026.08.29 14:08:00	817.82000000	818.02000000	817.00000000	817.30000000	59	31	0
2026.08.29 14:09:00	817.20000000	817.35000000	816.01000000	816.20000000	59	31	0
2026.08.29 14:10:00	816.37000000	816.47000000	814.01000000	814.01000000	59	31	0
2026.08.29 14:11:00	813.73000000	815.27000000	813.67000000	815.23000000	60	31	0
2026.08.29 14:12:00	815.13000000	816.44000000	814.94000000	816.44000000	59	31	0
2026.08.29 14:13:00	816.49000000	817.19000000	815.46000000	817.19000000	55	31	0
2026.08.29 14:14:00	817.08000000	819.26000000	816.63000000	819.26000000	58	31	0
2026.08.29 14:15:00	819.24000000	820.39000000	819.24000000	819.86000000	60	31	0
2026.08.29 14:16:00	819.92000000	820.09000000	819.00000000	819.47000000	58	31	0
2026.08.29 14:17:00	819.49000000	820.05000000	818.57000000	819.67000000	59	31	0
2026.08.29 14:18:00	819.91000000	820.88000000	819.74000000	820.41000000	59	31	0
2026.08.29 14:19:00	820.41000000	822.13000000	819.50000000	822.13000000	60	31	0
2026.08.29 14:20:00	822.29000000	822.29000000	821.18000000	821.93000000	59	31	0
2026.08.29 14:21:00	821.97000000	822.17000000	820.96000000	821.30000000	59	31	0
2026.08.29 14:22:00	821.26000000	821.62000000	820.10000000	820.50000000	58	31	0
2026.08.29 14:23:00	820.73000000	820.98000000	819.10000000	819.96000000	58	31	0
2026.08.29 14:24:00	819.96000000	820.97000000	819.92000000	820.97000000	59	31	0
2026.08.29 14:25:00	821.04000000	821.86000000	820.84000000	821.00000000	58	31	0
2026.08.29 14:26:00	820.94000000	820.96000000	819.66000000	819.82000000	58	31	0
2026.08.29 14:27:00	819.75000000	820.49000000	819.34000000	820.22000000	58	31	0
2026.08.29 14:28:00	819.98000000	820.67000000	819.77000000	820.04000000	59	31	0
2026.08.29 14:29:00	820.15000000	821.54000000	820.11000000	820.75000000	59	31	0
2026.08.29 14:30:00	820.74000000	820.80000000	819.07000000	819.89000000	59	31	0
2026.08.29 14:31:00	820.14000000	820.73000000	819.12000000	819.30000000	58	31	0
2026.08.29 14:32:00	819.41000000	821.35000000	818.83000000	820.74000000	58	31	0
2026.08.29 14:33:00	820.77000000	822.16000000	820.73000000	822.14000000	59	31	0
2026.08.29 14:34:00	822.36000000	822.52000000	820.42000000	821.71000000	58	31	0
2026.08.29 14:35:00	821.77000000	822.12000000	820.73000000	821.72000000	58	31	0
2026.08.29 14:36:00	821.51000000	822.27000000	821.43000000	822.16000000	58	31	0
2026.08.29 14:37:00	822.01000000	822.17000000	820.11000000	821.06000000	58	31	0
2026.08.29 14:38:00	821.26000000	821.26000000	819.91000000	820.47000000	56	31	0
2026.08.29 14:39:00	820.48000000	820.89000000	819.23000000	819.23000000	60	31	0
2026.08.29 14:40:00	819.28000000	820.05000000	818.96000000	819.89000000	57	31	0
2026.08.29 14:41:00	819.83000000	819.83000000	818.29000000	819.18000000	58	31	0
2026.08.29 14:42:00	819.44000000	819.96000000	819.18000000	819.18000000	59	31	0
2026.08.29 14:43:00	819.17000000	819.70000000	818.58000000	818.83000000	60	31	0
2026.08.29 14:44:00	819.04000000	819.13000000	817.87000000	818.49000000	60	31	0
2026.08.29 14:45:00	818.50000000	818.54000000	816.32000000	816.47000000	60	31	0
2026.08.29 14:46:00	816.58000000	817.46000000	815.95000000	816.52000000	58	31	0
2026.08.29 14:47:00	816.60000000	818.13000000	816.60000000	818.13000000	60	31	0
2026.08.29 14:48:00	818.03000000	818.51000000	817.24000000	817.34000000	57	31	0
2026.08.29 14:49:00	817.39000000	818.25000000	817.10000000	817.60000000	59	31	0
2026.08.29 14:50:00	817.39000000	818.41000000	816.88000000	817.13000000	59	31	0
2026.08.29 14:51:00	817.00000000	818.30000000	817.00000000	818.30000000	60	31	0
2026.08.29 14:52:00	818.39000000	820.15000000	818.39000000	820.10000000	57	31	0
2026.08.29 14:53:00	820.09000000	820.45000000	819.35000000	819.71000000	57	31	0
2026.08.29 14:54:00	819.45000000	819.82000000	818.58000000	819.55000000	56	31	0
2026.08.29 14:55:00	819.65000000	822.31000000	819.65000000	821.79000000	59	31	0
2026.08.29 14:56:00	821.90000000	822.45000000	820.18000000	820.40000000	59	31	0
2026.08.29 14:57:00	820.45000000	820.72000000	819.58000000	820.21000000	60	31	0
2026.08.29 14:58:00	820.40000000	821.60000000	820.40000000	821.34000000	60	31	0
2026.08.29 14:59:00	821.23000000	821.33000000	820.31000000	820.91000000	59	31	0
2026.08.29 15:00:00	820.95000000	821.20000000	819.55000000	819.79000000	58	31	0
2026.08.29 15:01:00	819.63000000	819.94000000	818.94000000	819.88000000	59	31	0
2026.08.29 15:02:00	819.75000000	819.96000000	818.42000000	818.66000000	56	31	0
2026.08.29 15:03:00	818.30000000	819.11000000	816.94000000	817.43000000	60	31	0
2026.08.29 15:04:00	817.51000000	817.99000000	815.72000000	816.23000000	58	31	0
2026.08.29 15:05:00	816.19000000	817.20000000	815.98000000	816.85000000	59	31	0
2026.08.29 15:06:00	816.86000000	817.09000000	815.02000000	815.20000000	58	31	0
2026.08.29 15:07:00	815.16000000	816.34000000	814.99000000	815.86000000	57	31	0
2026.08.29 15:08:00	816.12000000	817.88000000	816.12000000	817.06000000	59	31	0
2026.08.29 15:09:00	817.15000000	818.99000000	817.15000000	818.59000000	56	31	0
2026.08.29 15:10:00	818.63000000	820.61000000	818.50000000	820.61000000	60	31	0
2026.08.29 15:11:00	820.83000000	822.07000000	819.97000000	820.10000000	59	31	0
2026.08.29 15:12:00	820.36000000	821.90000000	820.25000000	821.29000000	59	31	0
2026.08.29 15:13:00	821.22000000	822.21000000	820.58000000	821.98000000	59	31	0
2026.08.29 15:14:00	822.16000000	822.16000000	820.13000000	820.14000000	59	31	0
2026.08.29 15:15:00	819.94000000	820.06000000	817.53000000	817.65000000	59	31	0
2026.08.29 15:16:00	817.62000000	817.85000000	815.80000000	815.96000000	56	31	0
2026.08.29 15:17:00	815.66000000	817.37000000	815.66000000	816.52000000	57	31	0
2026.08.29 15:18:00	816.60000000	817.09000000	816.05000000	816.25000000	59	31	0
2026.08.29 15:19:00	816.24000000	816.76000000	815.41000000	815.49000000	60	31	0
2026.08.29 15:20:00	815.48000000	815.87000000	814.26000000	814.46000000	60	31	0
2026.08.29 15:21:00	814.62000000	815.49000000	813.61000000	813.61000000	58	31	0
2026.08.29 15:22:00	813.47000000	814.37000000	813.19000000	814.19000000	59	31	0
2026.08.29 15:23:00	814.19000000	814.69000000	812.72000000	813.07000000	59	31	0
2026.08.29 15:24:00	813.19000000	814.19000000	812.35000000	812.75000000	59	31	0
2026.08.29 15:25:00	812.87000000	812.97000000	811.80000000	811.80000000	58	31	0
2026.08.29 15:26:00	811.87000000	812.74000000	811.22000000	812.57000000	59	31	0
2026.08.29 15:27:00	812.65000000	813.25000000	812.42000000	812.82000000	57	31	0
2026.08.29 15:28:00	812.81000000	813.29000000	812.09000000	812.09000000	60	31	0
2026.08.29 15:29:00	812.15000000	812.62000000	811.03000000	811.59000000	57	31	0
2026.08.29 15:30:00	811.49000000	812.69000000	811.17000000	812.69000000	60	31	0
2026.08.29 15:31:00	812.78000000	814.25000000	812.46000000	813.77000000	60	31	0
2026.08.29 15:32:00	814.03000000	815.71000000	814.03000000	815.45000000	59	31	0
2026.08.29 15:33:00	815.46000000	815.81000000	813.68000000	814.14000000	59	31	0
2026.08.29 15:34:00	814.13000000	815.41000000	813.96000000	815.12000000	57	31	0
2026.08.29 15:35:00	815.04000000	815.83000000	813.20000000	813.20000000	59	31	0
2026.08.29 15:36:00	813.44000000	814.25000000	812.97000000	814.25000000	60	31	0
2026.08.29 15:37:00	814.02000000	816.19000000	813.98000000	816.19000000	57	31	0
2026.08.29 15:38:00	816.23000000	817.30000000	815.80000000	816.68000000	59	31	0
2026.08.29 15:39:00	816.74000000	818.31000000	816.74000000	817.74000000	59	31	0
2026.08.29 15:40:00	817.70000000	818.96000000	817.59000000	818.15000000	60	31	0
2026.08.29 15:41:00	818.33000000	818.66000000	816.64000000	818.28000000	58	31	0
2026.08.29 15:42:00	818.30000000	819.40000000	818.30000000	819.17000000	59	31	0
2026.08.29 15:43:00	819.21000000	821.69000000	818.99000000	821.39000000	59	31	0
2026.08.29 15:44:00	821.50000000	822.45000000	820.98000000	821.84000000	59	31	0
2026.08.29 15:45:00	822.00000000	823.56000000	821.74000000	823.29000000	58	31	0
2026.08.29 15:46:00	823.07000000	823.07000000	821.17000000	821.70000000	58	31	0
2026.08.29 15:47:00	821.94000000	822.14000000	820.60000000	820.60000000	60	31	0
2026.08.29 15:48:00	820.86000000	822.11000000	820.66000000	821.28000000	58	31	0
2026.08.29 15:49:00	821.25000000	821.41000000	820.04000000	820.28000000	59	31	0
2026.08.29 15:50:00	820.40000000	820.51000000	819.38000000	819.58000000	60	31	0
2026.08.29 15:51:00	819.40000000	820.25000000	818.70000000	819.92000000	59	31	0
2026.08.29 15:52:00	820.02000000	822.06000000	819.70000000	822.05000000	54	31	0
2026.08.29 15:53:00	821.99000000	822.56000000	821.62000000	821.85000000	59	31	0
2026.08.29 15:54:00	821.88000000	823.26000000	821.86000000	822.75000000	59	31	0
2026.08.29 15:55:00	822.62000000	823.90000000	822.59000000	822.79000000	57	31	0
2026.08.29 15:56:00	822.68000000	823.21000000	821.36000000	821.82000000	58	31	0
2026.08.29 15:57:00	822.20000000	823.03000000	821.84000000	822.09000000	57	31	0
2026.08.29 15:58:00	822.31000000	824.02000000	822.31000000	823.04000000	56	31	0
2026.08.29 15:59:00	823.26000000	824.41000000	823.12000000	824.05000000	59	31	0
2026.08.29 16:00:00	824.00000000	824.68000000	823.45000000	823.85000000	60	31	0
2026.08.29 16:01:00	824.05000000	825.41000000	823.73000000	824.89000000	60	31	0
2026.08.29 16:02:00	824.86000000	825.90000000	824.61000000	824.74000000	58	31	0
2026.08.29 16:03:00	824.60000000	824.82000000	823.79000000	823.85000000	60	31	0
2026.08.29 16:04:00	823.73000000	824.73000000	822.75000000	822.75000000	58	31	0
2026.08.29 16:05:00	822.71000000	823.52000000	822.45000000	823.19000000	56	31	0
2026.08.29 16:06:00	823.25000000	824.27000000	822.84000000	823.42000000	59	31	0
2026.08.29 16:07:00	823.29000000	823.74000000	820.92000000	820.93000000	58	31	0
2026.08.29 16:08:00	820.82000000	821.33000000	820.29000000	821.03000000	59	31	0
2026.08.29 16:09:00	821.04000000	821.74000000	819.91000000	820.56000000	59	31	0
2026.08.29 16:10:00	820.54000000	821.10000000	818.83000000	818.88000000	59	31	0
2026.08.29 16:11:00	818.76000000	818.99000000	817.13000000	817.20000000	60	31	0
2026.08.29 16:12:00	817.18000000	817.37000000	815.73000000	815.78000000	58	31	0
2026.08.29 16:13:00	815.86000000	817.13000000	815.72000000	817.09000000	57	31	0
2026.08.29 16:14:00	817.16000000	817.27000000	816.17000000	816.22000000	58	31	0
2026.08.29 16:15:00	816.20000000	817.67000000	815.94000000	816.00000000	59	31	0
2026.08.29 16:16:00	815.84000000	815.94000000	814.62000000	815.61000000	59	31	0
2026.08.29 16:17:00	816.14000000	816.81000000	815.76000000	816.53000000	58	31	0
2026.08.29 16:18:00	816.40000000	816.76000000	815.89000000	815.97000000	59	31	0
2026.08.29 16:19:00	816.08000000	816.08000000	814.45000000	814.98000000	59	31	0
2026.08.29 16:20:00	814.98000000	816.28000000	814.98000000	815.57000000	59	31	0
2026.08.29 16:21:00	815.73000000	817.69000000	815.47000000	817.31000000	59	31	0
2026.08.29 16:22:00	817.25000000	817.25000000	815.38000000	816.02000000	57	31	0
2026.08.29 16:23:00	816.03000000	817.41000000	815.78000000	817.21000000	58	31	0
2026.08.29 16:24:00	817.26000000	817.69000000	816.42000000	816.84000000	60	31	0
2026.08.29 16:25:00	816.84000000	817.06000000	815.36000000	816.06000000	57	31	0
2026.08.29 16:26:00	816.18000000	816.30000000	813.05000000	813.05000000	58	31	0
2026.08.29 16:27:00	813.09000000	814.87000000	812.96000000	813.88000000	60	31	0
2026.08.29 16:28:00	814.04000000	815.50000000	813.79000000	815.13000000	59	31	0
2026.08.29 16:29:00	815.15000000	815.70000000	814.39000000	814.40000000	57	31	0
2026.08.29 16:30:00	814.29000000	815.33000000	813.96000000	814.47000000	57	31	0
2026.08.29 16:31:00	814.57000000	814.65000000	811.98000000	812.37000000	59	31	0
2026.08.29 16:32:00	812.37000000	812.53000000	811.28000000	811.84000000	57	31	0
2026.08.29 16:33:00	811.89000000	814.55000000	811.89000000	814.52000000	58	31	0
2026.08.29 16:34:00	814.70000000	814.95000000	813.17000000	813.17000000	53	31	0
2026.08.29 16:35:00	812.93000000	813.21000000	811.15000000	812.37000000	59	31	0
2026.08.29 16:36:00	812.14000000	812.98000000	811.73000000	812.59000000	59	31	0
2026.08.29 16:37:00	812.74000000	813.39000000	812.34000000	812.59000000	60	31	0
2026.08.29 16:38:00	812.64000000	814.17000000	812.48000000	813.79000000	60	31	0
2026.08.29 16:39:00	813.79000000	815.38000000	813.53000000	814.01000000	57	31	0
2026.08.29 16:40:00	813.91000000	814.42000000	813.06000000	813.12000000	60	31	0
2026.08.29 16:41:00	813.16000000	813.65000000	812.26000000	812.26000000	58	31	0
2026.08.29 16:42:00	812.55000000	813.48000000	811.60000000	811.97000000	58	31	0
2026.08.29 16:43:00	811.94000000	814.28000000	811.94000000	814.03000000	59	31	0
2026.08.29 16:44:00	813.90000000	814.40000000	813.64000000	814.13000000	59	31	0
2026.08.29 16:45:00	814.00000000	814.08000000	812.47000000	812.55000000	60	31	0
2026.08.29 16:46:00	812.58000000	813.53000000	812.48000000	813.17000000	56	31	0
2026.08.29 16:47:00	813.15000000	813.63000000	812.08000000	812.16000000	60	31	0
2026.08.29 16:48:00	811.94000000	812.00000000	810.39000000	810.49000000	58	31	0
2026.08.29 16:49:00	810.79000000	811.78000000	810.21000000	811.19000000	59	31	0
2026.08.29 16:50:00	811.18000000	811.53000000	809.99000000	810.01000000	58	31	0
2026.08.29 16:51:00	810.03000000	810.20000000	809.15000000	809.54000000	58	31	0
2026.08.29 16:52:00	809.58000000	811.55000000	809.44000000	810.11000000	59	31	0
2026.08.29 16:53:00	810.07000000	812.35000000	809.37000000	811.97000000	59	31	0
2026.08.29 16:54:00	811.80000000	812.25000000	810.66000000	810.66000000	60	31	0
2026.08.29 16:55:00	810.68000000	811.44000000	810.47000000	810.58000000	59	31	0
2026.08.29 16:56:00	810.66000000	812.08000000	810.66000000	811.00000000	58	31	0
2026.08.29 16:57:00	810.98000000	811.05000000	810.12000000	810.53000000	55	31	0
2026.08.29 16:58:00	810.22000000	810.65000000	809.05000000	809.25000000	60	31	0
2026.08.29 16:59:00	809.26000000	809.94000000	808.61000000	809.07000000	60	31	0
2026.08.29 17:00:00	809.05000000	809.29000000	808.35000000	808.57000000	58	31	0
2026.08.29 17:01:00	808.67000000	809.53000000	808.28000000	809.14000000	57	31	0
2026.08.29 17:02:00	808.84000000	810.67000000	808.84000000	809.95000000	60	31	0
2026.08.29 17:03:00	810.10000000	810.77000000	809.63000000	810.34000000	60	31	0
2026.08.29 17:04:00	810.44000000	810.63000000	808.85000000	809.04000000	60	31	0
2026.08.29 17:05:00	809.02000000	809.12000000	806.74000000	807.25000000	57	31	0
2026.08.29 17:06:00	807.17000000	808.64000000	807.17000000	808.23000000	58	31	0
2026.08.29 17:07:00	808.28000000	808.42000000	806.64000000	807.04000000	59	31	0
2026.08.29 17:08:00	807.05000000	807.05000000	806.38000000	806.66000000	56	31	0
2026.08.29 17:09:00	806.73000000	807.26000000	805.95000000	805.95000000	58	31	0
2026.08.29 17:10:00	806.02000000	807.79000000	806.02000000	807.38000000	57	31	0
2026.08.29 17:11:00	807.48000000	808.00000000	806.72000000	807.01000000	59	31	0
2026.08.29 17:12:00	807.06000000	807.08000000	805.26000000	805.26000000	58	31	0
2026.08.29 17:13:00	805.22000000	806.71000000	804.59000000	806.71000000	58	31	0
2026.08.29 17:14:00	806.85000000	807.81000000	804.81000000	804.81000000	59	31	0
2026.08.29 17:15:00	804.82000000	804.86000000	803.97000000	804.03000000	58	31	0
2026.08.29 17:16:00	804.19000000	805.24000000	803.53000000	805.02000000	60	31	0
2026.08.29 17:17:00	805.08000000	806.51000000	804.80000000	806.50000000	59	31	0
2026.08.29 17:18:00	806.76000000	806.76000000	805.48000000	805.54000000	59	31	0
2026.08.29 17:19:00	805.32000000	806.16000000	805.01000000	806.11000000	60	31	0
2026.08.29 17:20:00	806.23000000	807.88000000	805.97000000	807.31000000	55	31	0
2026.08.29 17:21:00	807.35000000	807.35000000	805.49000000	806.72000000	58	31	0
2026.08.29 17:22:00	806.80000000	807.86000000	805.63000000	806.22000000	60	31	0
2026.08.29 17:23:00	806.27000000	808.48000000	806.27000000	808.07000000	58	31	0
2026.08.29 17:24:00	808.26000000	808.69000000	806.60000000	806.60000000	60	31	0
2026.08.29 17:25:00	806.38000000	806.52000000	805.61000000	806.25000000	56	31	0
2026.08.29 17:26:00	806.29000000	807.43000000	806.29000000	807.07000000	59	31	0
2026.08.29 17:27:00	806.96000000	807.40000000	805.90000000	807.10000000	58	31	0
2026.08.29 17:28:00	807.31000000	808.56000000	807.31000000	807.93000000	59	31	0
2026.08.29 17:29:00	808.09000000	808.25000000	805.45000000	805.78000000	58	31	0
2026.08.29 17:30:00	805.80000000	806.69000000	805.39000000	806.26000000	60	31	0
2026.08.29 17:31:00	806.28000000	806.61000000	805.12000000	806.01000000	60	31	0
2026.08.29 17:32:00	805.94000000	806.86000000	805.85000000	806.85000000	59	31	0
2026.08.29 17:33:00	806.90000000	806.90000000	804.51000000	804.53000000	58	31	0
2026.08.29 17:34:00	804.48000000	805.19000000	804.12000000	805.04000000	58	31	0
2026.08.29 17:35:00	805.12000000	805.19000000	803.71000000	804.24000000	58	31	0
2026.08.29 17:36:00	804.30000000	805.14000000	804.21000000	804.83000000	58	31	0
2026.08.29 17:37:00	804.71000000	804.84000000	804.02000000	804.69000000	57	31	0
2026.08.29 17:38:00	804.66000000	805.56000000	804.20000000	804.38000000	60	31	0
2026.08.29 17:39:00	804.08000000	804.37000000	801.50000000	801.51000000	59	31	0
2026.08.29 17:40:00	801.68000000	801.85000000	800.44000000	800.85000000	59	31	0
2026.08.29 17:41:00	800.62000000	802.04000000	800.35000000	801.25000000	60	31	0
2026.08.29 17:42:00	801.02000000	801.95000000	800.84000000	801.95000000	60	31	0
2026.08.29 17:43:00	801.91000000	803.83000000	801.46000000	803.71000000	58	31	0
2026.08.29 17:44:00	803.69000000	804.39000000	803.53000000	803.75000000	60	31	0
2026.08.29 17:45:00	803.80000000	805.26000000	803.72000000	804.27000000	57	31	0
2026.08.29 17:46:00	804.27000000	805.26000000	803.89000000	805.26000000	59	31	0
2026.08.29 17:47:00	805.16000000	805.48000000	803.94000000	804.18000000	56	31	0
2026.08.29 17:48:00	804.14000000	804.14000000	802.70000000	803.12000000	59	31	0
2026.08.29 17:49:00	803.08000000	804.91000000	802.99000000	804.70000000	58	31	0
2026.08.29 17:50:00	804.66000000	806.29000000	804.66000000	805.99000000	57	31	0
2026.08.29 17:51:00	805.87000000	806.10000000	804.80000000	805.55000000	59	31	0
2026.08.29 17:52:00	805.65000000	805.65000000	803.63000000	805.00000000	59	31	0
2026.08.29 17:53:00	805.12000000	805.76000000	804.72000000	804.72000000	59	31	0
2026.08.29 17:54:00	804.71000000	804.75000000	803.11000000	804.60000000	57	31	0
2026.08.29 17:55:00	804.56000000	805.44000000	804.20000000	805.42000000	56	31	0
2026.08.29 17:56:00	805.51000000	806.58000000	805.11000000	806.49000000	57	31	0
2026.08.29 17:57:00	806.31000000	807.17000000	804.83000000	805.04000000	58	31	0
2026.08.29 17:58:00	804.94000000	806.27000000	804.82000000	806.05000000	58	31	0
2026.08.29 17:59:00	805.76000000	805.79000000	804.89000000	805.16000000	59	31	0
2026.08.29 18:00:00	805.25000000	805.46000000	803.83000000	804.53000000	60	31	0
2026.08.29 18:01:00	804.43000000	804.92000000	802.90000000	803.31000000	56	31	0
2026.08.29 18:02:00	803.24000000	804.98000000	802.90000000	804.90000000	58	31	0
2026.08.29 18:03:00	804.97000000	807.00000000	804.94000000	807.00000000	60	31	0
2026.08.29 18:04:00	806.82000000	808.19000000	806.56000000	808.19000000	58	31	0
2026.08.29 18:05:00	808.07000000	809.16000000	807.74000000	807.87000000	57	31	0
2026.08.29 18:06:00	807.87000000	808.34000000	806.93000000	808.34000000	59	31	0
2026.08.29 18:07:00	808.02000000	809.11000000	807.77000000	808.32000000	59	31	0
2026.08.29 18:08:00	808.51000000	810.16000000	807.79000000	810.06000000	59	31	0
2026.08.29 18:09:00	810.06000000	810.55000000	809.23000000	809.43000000	58	31	0
2026.08.29 18:10:00	809.34000000	810.54000000	808.99000000	810.08000000	57	31	0
2026.08.29 18:11:00	809.96000000	810.66000000	808.64000000	809.18000000	59	31	0
2026.08.29 18:12:00	809.25000000	810.74000000	808.55000000	809.94000000	60	31	0
2026.08.29 18:13:00	810.01000000	811.77000000	809.96000000	811.75000000	60	31	0
2026.08.29 18:14:00	811.69000000	812.55000000	811.50000000	812.42000000	59	31	0
2026.08.29 18:15:00	812.59000000	812.59000000	811.25000000	811.86000000	58	31	0
2026.08.29 18:16:00	812.00000000	812.10000000	810.67000000	810.67000000	57	31	0
2026.08.29 18:17:00	810.76000000	810.84000000	808.14000000	808.30000000	59	31	0
2026.08.29 18:18:00	808.35000000	809.03000000	808.00000000	808.94000000	60	31	0
2026.08.29 18:19:00	808.79000000	810.06000000	808.79000000	809.57000000	58	31	0
2026.08.29 18:20:00	809.59000000	811.41000000	809.13000000	811.30000000	55	31	0
2026.08.29 18:21:00	811.35000000	813.68000000	811.28000000	813.43000000	58	31	0
2026.08.29 18:22:00	813.58000000	815.63000000	813.36000000	815.22000000	53	31	0
2026.08.29 18:23:00	815.37000000	815.79000000	814.35000000	815.36000000	57	31	0
2026.08.29 18:24:00	815.55000000	817.16000000	815.40000000	816.95000000	60	31	0
2026.08.29 18:25:00	816.91000000	816.93000000	815.19000000	816.37000000	60	31	0
2026.08.29 18:26:00	816.21000000	816.66000000	815.52000000	815.78000000	60	31	0
2026.08.29 18:27:00	815.80000000	816.79000000	815.80000000	815.81000000	59	31	0
2026.08.29 18:28:00	815.74000000	819.01000000	815.74000000	818.75000000	59	31	0
2026.08.29 18:29:00	818.49000000	818.49000000	816.63000000	816.78000000	59	31	0
2026.08.29 18:30:00	816.88000000	817.52000000	816.21000000	817.09000000	59	31	0
2026.08.29 18:31:00	817.08000000	819.61000000	817.07000000	819.32000000	57	31	0
2026.08.29 18:32:00	819.25000000	819.91000000	817.83000000	818.01000000	56	31	0
2026.08.29 18:33:00	817.70000000	817.70000000	816.34000000	816.92000000	58	31	0
2026.08.29 18:34:00	816.96000000	817.85000000	816.43000000	817.33000000	57	31	0
2026.08.29 18:35:00	817.35000000	817.44000000	815.82000000	816.33000000	60	31	0
2026.08.29 18:36:00	816.42000000	816.61000000	814.89000000	816.04000000	58	31	0
2026.08.29 18:37:00	816.29000000	816.93000000	815.96000000	816.25000000	59	31	0
2026.08.29 18:38:00	816.34000000	816.86000000	815.71000000	816.69000000	59	31	0
2026.08.29 18:39:00	816.69000000	817.08000000	814.67000000	814.67000000	57	31	0
2026.08.29 18:40:00	814.88000000	815.64000000	813.86000000	814.32000000	57	31	0
2026.08.29 18:41:00	814.30000000	816.59000000	814.00000000	816.31000000	56	31	0
2026.08.29 18:42:00	816.45000000	817.03000000	815.22000000	815.47000000	55	31	0
2026.08.29 18:43:00	815.44000000	817.26000000	815.02000000	817.26000000	60	31	0
2026.08.29 18:44:00	817.25000000	817.77000000	815.95000000	816.01000000	57	31	0
2026.08.29 18:45:00	815.91000000	816.66000000	815.41000000	815.41000000	59	31	0
2026.08.29 18:46:00	815.48000000	816.68000000	815.05000000	815.71000000	56	31	0
2026.08.29 18:47:00	815.69000000	817.11000000	815.46000000	816.93000000	59	31	0
2026.08.29 18:48:00	817.03000000	819.24000000	816.68000000	819.00000000	56	31	0
2026.08.29 18:49:00	819.16000000	819.35000000	817.75000000	818.36000000	60	31	0
2026.08.29 18:50:00	818.49000000	818.88000000	817.44000000	817.92000000	58	31	0
2026.08.29 18:51:00	817.92000000	818.10000000	816.86000000	816.86000000	59	31	0
2026.08.29 18:52:00	817.07000000	817.85000000	816.66000000	816.69000000	58	31	0
2026.08.29 18:53:00	816.69000000	817.58000000	816.45000000	817.55000000	57	31	0
2026.08.29 18:54:00	817.35000000	817.64000000	816.04000000	816.43000000	58	31	0
2026.08.29 18:55:00	816.37000000	817.00000000	815.40000000	815.79000000	58	31	0
2026.08.29 18:56:00	816.00000000	818.07000000	816.00000000	817.26000000	58	31	0
2026.08.29 18:57:00	817.11000000	817.20000000	816.03000000	816.15000000	59	31	0
2026.08.29 18:58:00	815.95000000	817.59000000	815.69000000	817.59000000	58	31	0
2026.08.29 18:59:00	817.46000000	817.52000000	815.33000000	815.59000000	60	31	0
2026.08.29 19:00:00	815.72000000	815.85000000	814.08000000	814.92000000	58	31	0
2026.08.29 19:01:00	814.93000000	815.46000000	814.36000000	814.38000000	60	31	0
2026.08.29 19:02:00	814.36000000	814.97000000	813.61000000	813.97000000	57	31	0
2026.08.29 19:03:00	814.00000000	815.88000000	813.08000000	815.88000000	59	31	0
2026.08.29 19:04:00	815.78000000	817.14000000	815.55000000	816.82000000	57	31	0
2026.08.29 19:05:00	816.97000000	817.86000000	816.79000000	817.84000000	59	31	0
2026.08.29 19:06:00	818.11000000	818.58000000	817.20000000	818.58000000	59	31	0
2026.08.29 19:07:00	818.61000000	819.17000000	818.08000000	818.61000000	58	31	0
2026.08.29 19:08:00	818.89000000	819.75000000	818.08000000	818.13000000	58	31	0
2026.08.29 19:09:00	818.21000000	819.32000000	817.82000000	817.92000000	58	31	0
2026.08.29 19:10:00	817.82000000	819.24000000	817.82000000	819.13000000	58	31	0
2026.08.29 19:11:00	819.02000000	819.96000000	818.84000000	819.30000000	58	31	0
2026.08.29 19:12:00	819.07000000	820.41000000	818.77000000	819.18000000	58	31	0
2026.08.29 19:13:00	819.18000000	819.99000000	818.80000000	818.80000000	59	31	0
2026.08.29 19:14:00	818.87000000	819.28000000	818.06000000	818.15000000	59	31	0
2026.08.29 19:15:00	818.10000000	818.35000000	817.36000000	817.37000000	56	31	0
2026.08.29 19:16:00	817.06000000	817.06000000	813.60000000	814.29000000	54	31	0
2026.08.29 19:17:00	814.14000000	814.14000000	811.77000000	811.77000000	58	31	0
2026.08.29 19:18:00	811.80000000	812.02000000	811.00000000	811.77000000	60	31	0
2026.08.29 19:19:00	811.69000000	812.25000000	810.72000000	810.76000000	58	31	0
2026.08.29 19:20:00	810.77000000	812.13000000	809.87000000	809.87000000	58	31	0
2026.08.29 19:21:00	809.74000000	810.99000000	809.11000000	810.74000000	59	31	0
2026.08.29 19:22:00	810.93000000	812.55000000	810.71000000	812.28000000	59	31	0
2026.08.29 19:23:00	812.35000000	813.94000000	812.35000000	813.94000000	57	31	0
2026.08.29 19:24:00	814.11000000	814.94000000	813.69000000	814.63000000	60	31	0
2026.08.29 19:25:00	814.79000000	815.09000000	814.07000000	814.07000000	59	31	0
2026.08.29 19:26:00	814.00000000	816.61000000	814.00000000	815.80000000	57	31	0
2026.08.29 19:27:00	815.75000000	818.28000000	815.75000000	817.59000000	59	31	0
2026.08.29 19:28:00	817.60000000	817.85000000	815.55000000	815.84000000	60	31	0
2026.08.29 19:29:00	815.67000000	815.81000000	814.41000000	815.23000000	59	31	0
2026.08.29 19:30:00	814.99000000	816.12000000	814.74000000	815.78000000	56	31	0
2026.08.29 19:31:00	815.65000000	817.49000000	815.58000000	817.25000000	58	31	0
2026.08.29 19:32:00	817.20000000	817.87000000	815.73000000	815.73000000	58	31	0
2026.08.29 19:33:00	815.72000000	815.95000000	813.14000000	813.80000000	59	31	0
2026.08.29 19:34:00	813.71000000	815.09000000	813.58000000	814.85000000	56	31	0
2026.08.29 19:35:00	814.57000000	815.32000000	813.99000000	814.35000000	59	31	0
2026.08.29 19:36:00	814.40000000	814.49000000	813.48000000	814.42000000	60	31	0
2026.08.29 19:37:00	814.42000000	815.00000000	813.45000000	814.81000000	60	31	0
2026.08.29 19:38:00	814.58000000	815.41000000	814.21000000	815.41000000	59	31	0
2026.08.29 19:39:00	815.40000000	815.70000000	814.10000000	814.10000000	59	31	0
2026.08.29 19:40:00	813.80000000	815.42000000	813.13000000	813.36000000	58	31	0
2026.08.29 19:41:00	813.21000000	814.11000000	812.76000000	813.29000000	59	31	0
2026.08.29 19:42:00	813.26000000	814.32000000	812.97000000	813.07000000	60	31	0
2026.08.29 19:43:00	813.06000000	813.71000000	812.36000000	813.04000000	60	31	0
2026.08.29 19:44:00	813.07000000	813.69000000	811.73000000	813.38000000	54	31	0
2026.08.29 19:45:00	813.48000000	813.81000000	812.51000000	813.23000000	58	31	0
2026.08.29 19:46:00	813.30000000	813.86000000	811.99000000	811.99000000	59	31	0
2026.08.29 19:47:00	812.00000000	812.93000000	811.38000000	812.58000000	59	31	0
2026.08.29 19:48:00	812.36000000	813.70000000	812.07000000	812.62000000	58	31	0
2026.08.29 19:49:00	812.67000000	813.12000000	812.05000000	812.05000000	57	31	0
2026.08.29 19:50:00	812.16000000	812.16000000	809.87000000	811.32000000	57	31	0
2026.08.29 19:51:00	811.20000000	811.64000000	810.37000000	811.47000000	60	31	0
2026.08.29 19:52:00	811.63000000	812.33000000	810.77000000	811.39000000	60	31	0
2026.08.29 19:53:00	811.11000000	811.33000000	809.33000000	810.22000000	59	31	0
2026.08.29 19:54:00	810.26000000	810.54000000	808.91000000	809.23000000	57	31	0
2026.08.29 19:55:00	809.10000000	810.02000000	808.60000000	808.88000000	59	31	0
2026.08.29 19:56:00	808.85000000	808.98000000	806.78000000	806.83000000	58	31	0
2026.08.29 19:57:00	806.72000000	807.83000000	806.52000000	806.57000000	59	31	0
2026.08.29 19:58:00	806.38000000	807.00000000	805.68000000	806.01000000	59	31	0
2026.08.29 19:59:00	805.79000000	807.40000000	805.41000000	807.09000000	60	31	0
2026.08.29 20:00:00	806.82000000	807.07000000	805.36000000	806.82000000	59	31	0
2026.08.29 20:01:00	806.71000000	806.91000000	804.53000000	804.55000000	58	31	0
2026.08.29 20:02:00	804.36000000	807.84000000	804.22000000	807.61000000	58	31	0
2026.08.29 20:03:00	807.27000000	807.40000000	805.15000000	805.21000000	59	31	0
2026.08.29 20:04:00	805.34000000	806.60000000	805.29000000	806.08000000	60	31	0
2026.08.29 20:05:00	806.28000000	807.46000000	805.53000000	806.95000000	59	31	0
2026.08.29 20:06:00	807.13000000	807.13000000	805.37000000	805.87000000	58	31	0
2026.08.29 20:07:00	805.64000000	806.45000000	804.58000000	805.76000000	58	31	0
2026.08.29 20:08:00	806.08000000	806.85000000	805.47000000	806.73000000	60	31	0
2026.08.29 20:09:00	806.65000000	808.55000000	806.65000000	808.21000000	57	31	0
2026.08.29 20:10:00	808.15000000	808.45000000	807.49000000	808.10000000	58	31	0
2026.08.29 20:11:00	807.89000000	808.40000000	807.36000000	807.46000000	55	31	0
2026.08.29 20:12:00	807.13000000	807.47000000	805.88000000	806.29000000	57	31	0
2026.08.29 20:13:00	806.69000000	807.84000000	806.62000000	807.33000000	58	31	0
2026.08.29 20:14:00	807.32000000	808.91000000	807.32000000	808.06000000	60	31	0
2026.08.29 20:15:00	807.94000000	810.04000000	807.84000000	810.04000000	59	31	0
2026.08.29 20:16:00	810.03000000	811.37000000	809.83000000	809.86000000	59	31	0
2026.08.29 20:17:00	809.60000000	809.93000000	808.49000000	809.43000000	59	31	0
2026.08.29 20:18:00	809.46000000	810.05000000	809.05000000	809.29000000	60	31	0
2026.08.29 20:19:00	809.31000000	810.52000000	808.59000000	809.08000000	59	31	0
2026.08.29 20:20:00	808.78000000	809.58000000	807.29000000	807.29000000	60	31	0
2026.08.29 20:21:00	807.52000000	807.68000000	805.44000000	805.81000000	58	31	0
2026.08.29 20:22:00	806.32000000	807.96000000	805.77000000	807.01000000	60	31	0
2026.08.29 20:23:00	807.05000000	808.10000000	807.05000000	807.22000000	58	31	0
2026.08.29 20:24:00	807.06000000	807.76000000	806.52000000	806.72000000	58	31	0
2026.08.29 20:25:00	806.65000000	807.74000000	806.02000000	806.15000000	59	31	0
2026.08.29 20:26:00	806.26000000	807.68000000	805.51000000	807.68000000	60	31	0
2026.08.29 20:27:00	807.63000000	809.84000000	807.63000000	809.84000000	56	31	0
2026.08.29 20:28:00	810.09000000	811.59000000	809.89000000	810.53000000	57	31	0
2026.08.29 20:29:00	810.61000000	810.97000000	809.71000000	810.91000000	56	31	0
2026.08.29 20:30:00	810.80000000	810.80000000	809.47000000	810.26000000	56	31	0
2026.08.29 20:31:00	810.26000000	811.15000000	809.91000000	810.71000000	58	31	0
2026.08.29 20:32:00	810.72000000	811.38000000	810.07000000	811.34000000	57	31	0
2026.08.29 20:33:00	810.98000000	811.16000000	809.22000000	809.36000000	58	31	0
2026.08.29 20:34:00	809.52000000	811.24000000	809.00000000	810.76000000	59	31	0
2026.08.29 20:35:00	810.57000000	811.89000000	810.44000000	811.01000000	56	31	0
2026.08.29 20:36:00	811.22000000	812.36000000	811.03000000	811.77000000	57	31	0
2026.08.29 20:37:00	811.69000000	812.07000000	810.99000000	811.54000000	57	31	0
2026.08.29 20:38:00	811.34000000	812.28000000	811.08000000	812.28000000	60	31	0
2026.08.29 20:39:00	812.19000000	812.66000000	811.03000000	811.14000000	57	31	0
2026.08.29 20:40:00	811.01000000	812.94000000	811.01000000	812.52000000	58	31	0
2026.08.29 20:41:00	812.56000000	812.78000000	810.53000000	811.09000000	60	31	0
2026.08.29 20:42:00	811.19000000	812.28000000	810.83000000	811.06000000	59	31	0
2026.08.29 20:43:00	811.23000000	812.13000000	810.85000000	811.40000000	60	31	0
2026.08.29 20:44:00	811.39000000	811.39000000	809.81000000	810.68000000	56	31	0
2026.08.29 20:45:00	810.67000000	811.40000000	809.97000000	811.03000000	60	31	0
2026.08.29 20:46:00	810.94000000	811.36000000	809.45000000	809.74000000	56	31	0
2026.08.29 20:47:00	809.65000000	812.14000000	809.27000000	811.96000000	60	31	0
2026.08.29 20:48:00	811.91000000	812.89000000	810.86000000	812.39000000	57	31	0
2026.08.29 20:49:00	812.32000000	814.24000000	812.06000000	813.82000000	59	31	0
2026.08.29 20:50:00	814.16000000	814.81000000	814.05000000	814.48000000	59	31	0
2026.08.29 20:51:00	814.27000000	815.25000000	814.07000000	815.11000000	59	31	0
2026.08.29 20:52:00	814.94000000	815.74000000	814.66000000	815.46000000	60	31	0
2026.08.29 20:53:00	815.65000000	815.65000000	813.61000000	814.02000000	57	31	0
2026.08.29 20:54:00	814.11000000	815.08000000	813.00000000	813.56000000	59	31	0
2026.08.29 20:55:00	813.71000000	815.15000000	813.57000000	814.85000000	58	31	0
2026.08.29 20:56:00	814.89000000	816.57000000	814.52000000	816.26000000	58	31	0
2026.08.29 20:57:00	816.06000000	817.92000000	816.06000000	817.02000000	60	31	0
2026.08.29 20:58:00	817.03000000	819.14000000	816.75000000	817.83000000	59	31	0
2026.08.29 20:59:00	817.79000000	818.28000000	817.19000000	817.87000000	58	31	0
2026.08.29 21:00:00	817.91000000	818.70000000	817.36000000	818.65000000	59	31	0
2026.08.29 21:01:00	818.49000000	818.49000000	815.73000000	815.95000000	60	31	0
2026.08.29 21:02:00	816.15000000	817.74000000	815.55000000	817.71000000	56	31	0
2026.08.29 21:03:00	817.90000000	818.55000000	817.39000000	818.13000000	59	31	0
2026.08.29 21:04:00	818.00000000	818.70000000	817.37000000	817.65000000	57	31	0
2026.08.29 21:05:00	817.48000000	817.76000000	816.33000000	816.92000000	59	31	0
2026.08.29 21:06:00	816.88000000	816.88000000	815.59000000	815.98000000	59	31	0
2026.08.29 21:07:00	816.03000000	816.03000000	813.25000000	813.65000000	59	31	0
2026.08.29 21:08:00	813.68000000	814.36000000	813.03000000	813.70000000	60	31	0
2026.08.29 21:09:00	813.78000000	815.72000000	813.67000000	815.72000000	57	31	0
2026.08.29 21:10:00	815.93000000	817.94000000	815.93000000	817.48000000	58	31	0
2026.08.29 21:11:00	817.58000000	817.73000000	816.48000000	816.66000000	59	31	0
2026.08.29 21:12:00	816.81000000	817.86000000	816.79000000	817.36000000	59	31	0
2026.08.29 21:13:00	817.50000000	817.50000000	815.62000000	815.68000000	59	31	0
2026.08.29 21:14:00	815.67000000	816.41000000	815.18000000	815.67000000	58	31	0
2026.08.29 21:15:00	815.57000000	815.88000000	814.99000000	815.74000000	60	31	0
2026.08.29 21:16:00	815.55000000	815.92000000	814.58000000	815.03000000	60	31	0
2026.08.29 21:17:00	815.27000000	815.81000000	814.76000000	815.37000000	57	31	0
2026.08.29 21:18:00	815.34000000	817.87000000	815.17000000	817.46000000	57	31	0
2026.08.29 21:19:00	817.44000000	817.77000000	816.67000000	816.85000000	60	31	0
2026.08.29 21:20:00	816.77000000	817.76000000	816.45000000	817.64000000	59	31	0
2026.08.29 21:21:00	817.72000000	818.07000000	816.63000000	817.44000000	55	31	0
2026.08.29 21:22:00	817.43000000	819.11000000	817.05000000	819.11000000	59	31	0
2026.08.29 21:23:00	819.22000000	819.34000000	818.19000000	818.34000000	60	31	0
2026.08.29 21:24:00	818.31000000	818.79000000	817.07000000	817.25000000	59	31	0
2026.08.29 21:25:00	817.40000000	817.86000000	816.20000000	816.63000000	57	31	0
2026.08.29 21:26:00	816.59000000	817.93000000	816.33000000	816.33000000	57	31	0
2026.08.29 21:27:00	816.22000000	816.30000000	814.85000000	816.15000000	57	31	0
2026.08.29 21:28:00	816.19000000	818.13000000	815.93000000	817.70000000	57	31	0
2026.08.29 21:29:00	817.80000000	818.31000000	816.44000000	816.86000000	58	31	0
2026.08.29 21:30:00	816.72000000	817.52000000	815.72000000	815.83000000	57	31	0
2026.08.29 21:31:00	815.63000000	816.40000000	815.51000000	816.21000000	59	31	0
2026.08.29 21:32:00	816.21000000	816.39000000	813.35000000	813.35000000	58	31	0
2026.08.29 21:33:00	813.10000000	813.10000000	810.84000000	812.03000000	58	31	0
2026.08.29 21:34:00	812.14000000	812.82000000	811.12000000	812.45000000	59	31	0
2026.08.29 21:35:00	812.32000000	814.01000000	811.69000000	813.42000000	56	31	0
2026.08.29 21:36:00	813.23000000	813.23000000	812.12000000	812.74000000	59	31	0
2026.08.29 21:37:00	812.58000000	812.87000000	810.13000000	810.13000000	59	31	0
2026.08.29 21:38:00	809.88000000	811.94000000	809.66000000	811.94000000	57	31	0
2026.08.29 21:39:00	811.87000000	813.14000000	811.26000000	813.14000000	58	31	0
2026.08.29 21:40:00	813.15000000	813.57000000	812.15000000	812.40000000	59	31	0
2026.08.29 21:41:00	812.09000000	812.96000000	811.37000000	812.77000000	58	31	0
2026.08.29 21:42:00	812.79000000	812.96000000	811.28000000	812.52000000	58	31	0
2026.08.29 21:43:00	812.63000000	813.21000000	811.25000000	811.49000000	59	31	0
2026.08.29 21:44:00	811.25000000	812.07000000	811.02000000	811.67000000	60	31	0
2026.08.29 21:45:00	811.54000000	813.36000000	811.38000000	812.52000000	59	31	0
2026.08.29 21:46:00	812.43000000	812.72000000	811.67000000	811.92000000	59	31	0
2026.08.29 21:47:00	811.79000000	812.20000000	810.89000000	811.15000000	58	31	0
2026.08.29 21:48:00	811.15000000	814.00000000	811.06000000	814.00000000	59	31	0
2026.08.29 21:49:00	813.83000000	814.38000000	813.34000000	813.80000000	57	31	0
2026.08.29 21:50:00	813.59000000	815.51000000	813.59000000	815.36000000	58	31	0
2026.08.29 21:51:00	815.30000000	815.62000000	814.34000000	814.34000000	55	31	0
2026.08.29 21:52:00	814.45000000	815.47000000	813.78000000	815.19000000	57	31	0
2026.08.29 21:53:00	815.36000000	815.89000000	815.09000000	815.50000000	59	31	0
2026.08.29 21:54:00	815.60000000	817.10000000	815.56000000	816.78000000	57	31	0
2026.08.29 21:55:00	816.68000000	816.92000000	816.11000000	816.68000000	59	31	0
2026.08.29 21:56:00	816.84000000	817.18000000	815.24000000	815.35000000	59	31	0
2026.08.29 21:57:00	815.59000000	816.40000000	814.87000000	815.46000000	59	31	0
2026.08.29 21:58:00	815.53000000	816.52000000	815.15000000	815.15000000	59	31	0
2026.08.29 21:59:00	815.61000000	816.38000000	814.42000000	814.55000000	57	31	0
2026.08.29 22:00:00	814.49000000	814.91000000	813.79000000	814.55000000	56	31	0
2026.08.29 22:01:00	814.57000000	816.21000000	814.42000000	815.63000000	58	31	0
2026.08.29 22:02:00	815.73000000	816.27000000	815.28000000	815.89000000	58	31	0
2026.08.29 22:03:00	815.93000000	816.55000000	815.35000000	815.71000000	59	31	0
2026.08.29 22:04:00	815.94000000	816.12000000	815.15000000	815.26000000	58	31	0
2026.08.29 22:05:00	815.31000000	816.67000000	815.18000000	816.61000000	58	31	0
2026.08.29 22:06:00	816.69000000	817.25000000	816.20000000	816.38000000	53	31	0
2026.08.29 22:07:00	816.41000000	816.74000000	815.26000000	815.73000000	57	31	0
2026.08.29 22:08:00	815.81000000	816.03000000	814.58000000	814.94000000	57	31	0
2026.08.29 22:09:00	814.75000000	814.75000000	812.86000000	813.60000000	56	31	0
2026.08.29 22:10:00	813.63000000	814.52000000	813.22000000	814.04000000	59	31	0
2026.08.29 22:11:00	813.88000000	814.83000000	813.75000000	814.83000000	60	31	0
2026.08.29 22:12:00	814.77000000	815.81000000	813.54000000	815.81000000	58	31	0
2026.08.29 22:13:00	815.98000000	816.66000000	815.20000000	816.48000000	59	31	0
2026.08.29 22:14:00	816.50000000	816.68000000	814.89000000	814.89000000	57	31	0
2026.08.29 22:15:00	814.82000000	815.36000000	814.43000000	814.79000000	56	31	0
2026.08.29 22:16:00	814.79000000	815.60000000	814.79000000	815.02000000	59	31	0
2026.08.29 22:17:00	815.14000000	815.14000000	813.87000000	814.90000000	59	31	0
2026.08.29 22:18:00	815.07000000	815.07000000	814.11000000	814.71000000	55	31	0
2026.08.29 22:19:00	814.72000000	815.28000000	814.62000000	815.01000000	57	31	0
2026.08.29 22:20:00	815.06000000	815.12000000	813.61000000	815.00000000	60	31	0
2026.08.29 22:21:00	814.98000000	815.30000000	814.12000000	814.79000000	59	31	0
2026.08.29 22:22:00	814.63000000	815.41000000	813.70000000	813.93000000	57	31	0
2026.08.29 22:23:00	813.99000000	814.67000000	813.38000000	814.67000000	59	31	0
2026.08.29 22:24:00	814.88000000	815.81000000	814.78000000	815.81000000	58	31	0
2026.08.29 22:25:00	815.76000000	815.96000000	814.45000000	815.37000000	60	31	0
2026.08.29 22:26:00	815.43000000	816.56000000	814.81000000	816.56000000	58	31	0
2026.08.29 22:27:00	816.32000000	817.11000000	815.60000000	815.90000000	60	31	0
2026.08.29 22:28:00	815.95000000	817.40000000	815.78000000	817.40000000	60	31	0
2026.08.29 22:29:00	817.28000000	817.95000000	817.02000000	817.30000000	57	31	0
2026.08.29 22:30:00	817.48000000	817.65000000	814.97000000	815.48000000	58	31	0
2026.08.29 22:31:00	815.43000000	815.99000000	815.27000000	815.52000000	57	31	0
2026.08.29 22:32:00	815.63000000	817.59000000	815.63000000	817.48000000	58	31	0
2026.08.29 22:33:00	817.29000000	818.03000000	815.99000000	816.79000000	55	31	0
2026.08.29 22:34:00	816.89000000	817.65000000	816.59000000	817.09000000	59	31	0
2026.08.29 22:35:00	817.14000000	818.56000000	817.14000000	818.54000000	59	31	0
2026.08.29 22:36:00	818.37000000	819.14000000	818.06000000	818.06000000	60	31	0
2026.08.29 22:37:00	818.23000000	818.56000000	817.17000000	817.61000000	58	31	0
2026.08.29 22:38:00	817.43000000	817.80000000	816.92000000	817.49000000	56	31	0
2026.08.29 22:39:00	817.45000000	818.37000000	816.92000000	818.02000000	58	31	0
2026.08.29 22:40:00	817.82000000	818.24000000	817.40000000	817.68000000	57	31	0
2026.08.29 22:41:00	817.79000000	817.91000000	816.45000000	816.94000000	59	31	0
2026.08.29 22:42:00	817.03000000	817.03000000	815.91000000	816.79000000	58	31	0
2026.08.29 22:43:00	816.95000000	816.95000000	815.09000000	815.09000000	59	31	0
2026.08.29 22:44:00	815.15000000	816.27000000	814.88000000	815.86000000	57	31	0
2026.08.29 22:45:00	816.03000000	819.26000000	815.82000000	819.26000000	58	31	0
2026.08.29 22:46:00	819.27000000	819.46000000	816.90000000	816.94000000	58	31	0
2026.08.29 22:47:00	817.12000000	817.41000000	816.26000000	816.45000000	54	31	0
2026.08.29 22:48:00	816.61000000	818.67000000	816.59000000	817.92000000	56	31	0
2026.08.29 22:49:00	817.69000000	817.77000000	815.94000000	816.21000000	56	31	0
2026.08.29 22:50:00	816.09000000	816.45000000	814.76000000	815.19000000	57	31	0
2026.08.29 22:51:00	815.27000000	815.27000000	813.42000000	813.99000000	55	31	0
2026.08.29 22:52:00	813.78000000	816.19000000	813.50000000	816.19000000	58	31	0
2026.08.29 22:53:00	816.38000000	816.38000000	814.99000000	815.78000000	58	31	0
2026.08.29 22:54:00	815.75000000	817.18000000	815.75000000	816.23000000	55	31	0
2026.08.29 22:55:00	816.30000000	817.12000000	816.26000000	816.80000000	58	31	0
2026.08.29 22:56:00	816.83000000	817.41000000	815.82000000	817.11000000	58	31	0
2026.08.29 22:57:00	817.09000000	818.32000000	816.77000000	817.54000000	59	31	0
2026.08.29 22:58:00	817.50000000	819.63000000	817.35000000	819.34000000	56	31	0
2026.08.29 22:59:00	819.45000000	820.97000000	819.39000000	820.70000000	60	31	0
2026.08.29 23:00:00	820.66000000	820.66000000	819.22000000	819.33000000	60	31	0
2026.08.29 23:01:00	819.26000000	821.21000000	818.98000000	820.42000000	57	31	0
2026.08.29 23:02:00	820.52000000	821.88000000	820.52000000	821.88000000	58	31	0
2026.08.29 23:03:00	822.00000000	822.02000000	821.09000000	821.93000000	59	31	0
2026.08.29 23:04:00	821.97000000	821.98000000	819.83000000	821.31000000	57	31	0
2026.08.29 23:05:00	821.32000000	821.47000000	820.18000000	821.10000000	60	31	0
2026.08.29 23:06:00	821.23000000	821.23000000	819.71000000	819.88000000	57	31	0
2026.08.29 23:07:00	820.11000000	820.11000000	818.26000000	818.41000000	59	31	0
2026.08.29 23:08:00	818.51000000	818.70000000	817.33000000	817.97000000	59	31	0
2026.08.29 23:09:00	818.06000000	818.09000000	816.83000000	817.50000000	59	31	0
2026.08.29 23:10:00	817.42000000	818.61000000	816.02000000	818.43000000	56	31	0
2026.08.29 23:11:00	818.60000000	820.36000000	818.03000000	820.36000000	58	31	0
2026.08.29 23:12:00	820.63000000	820.76000000	817.63000000	818.61000000	58	31	0
2026.08.29 23:13:00	818.74000000	818.74000000	817.44000000	817.44000000	60	31	0
2026.08.29 23:14:00	817.55000000	818.48000000	817.43000000	818.25000000	59	31	0
2026.08.29 23:15:00	818.09000000	818.09000000	816.31000000	816.86000000	57	31	0
2026.08.29 23:16:00	816.88000000	817.05000000	815.96000000	816.04000000	59	31	0
2026.08.29 23:17:00	815.91000000	816.05000000	814.13000000	814.13000000	58	31	0
2026.08.29 23:18:00	814.38000000	814.62000000	812.27000000	812.27000000	59	31	0
2026.08.29 23:19:00	812.20000000	813.55000000	812.15000000	812.58000000	60	31	0
2026.08.29 23:20:00	812.67000000	813.62000000	812.43000000	813.08000000	60	31	0
2026.08.29 23:21:00	812.98000000	813.20000000	811.70000000	812.33000000	58	31	0
2026.08.29 23:22:00	812.27000000	812.27000000	810.04000000	810.11000000	58	31	0
2026.08.29 23:23:00	810.20000000	811.34000000	809.35000000	811.24000000	58	31	0
2026.08.29 23:24:00	811.29000000	811.78000000	810.40000000	810.51000000	57	31	0
2026.08.29 23:25:00	810.56000000	811.23000000	810.23000000	810.30000000	58	31	0
2026.08.29 23:26:00	810.26000000	811.25000000	809.62000000	810.22000000	59	31	0
2026.08.29 23:27:00	810.50000000	811.29000000	809.91000000	810.37000000	60	31	0
2026.08.29 23:28:00	810.35000000	812.12000000	809.97000000	811.95000000	57	31	0
2026.08.29 23:29:00	811.98000000	812.36000000	810.84000000	811.33000000	58	31	0
2026.08.29 23:30:00	811.33000000	811.92000000	810.89000000	811.52000000	59	31	0
2026.08.29 23:31:00	811.30000000	812.99000000	811.18000000	812.92000000	58	31	0
2026.08.29 23:32:00	812.64000000	813.03000000	812.00000000	812.70000000	59	31	0
2026.08.29 23:33:00	812.91000000	814.65000000	812.91000000	814.65000000	59	31	0
2026.08.29 23:34:00	814.66000000	814.97000000	812.65000000	813.30000000	60	31	0
2026.08.29 23:35:00	813.32000000	814.41000000	812.79000000	814.41000000	58	31	0
2026.08.29 23:36:00	814.58000000	815.34000000	813.11000000	814.24000000	59	31	0
2026.08.29 23:37:00	814.25000000	815.66000000	813.95000000	815.62000000	57	31	0
2026.08.29 23:38:00	815.75000000	815.77000000	814.38000000	814.38000000	59	31	0
2026.08.29 23:39:00	814.41000000	814.46000000	813.85000000	813.97000000	59	31	0
2026.08.29 23:40:00	813.94000000	814.33000000	813.07000000	813.31000000	59	31	0
2026.08.29 23:41:00	813.40000000	813.88000000	812.89000000	813.36000000	56	31	0
2026.08.29 23:42:00	813.19000000	813.48000000	811.93000000	813.21000000	57	31	0
2026.08.29 23:43:00	813.23000000	814.47000000	813.23000000	814.22000000	59	31	0
2026.08.29 23:44:00	814.17000000	814.52000000	813.29000000	813.81000000	57	31	0
2026.08.29 23:45:00	813.88000000	814.34000000	813.44000000	813.82000000	59	31	0
2026.08.29 23:46:00	813.69000000	815.20000000	813.47000000	814.80000000	60	31	0
2026.08.29 23:47:00	814.87000000	816.45000000	814.23000000	815.12000000	58	31	0
2026.08.29 23:48:00	815.04000000	816.31000000	814.72000000	815.51000000	59	31	0
2026.08.29 23:49:00	815.72000000	817.64000000	815.72000000	817.64000000	57	31	0
2026.08.29 23:50:00	817.90000000	818.64000000	817.69000000	818.48000000	59	31	0
2026.08.29 23:51:00	818.33000000	818.33000000	816.05000000	816.45000000	60	31	0
2026.08.29 23:52:00	816.64000000	817.00000000	814.86000000	815.21000000	59	31	0
2026.08.29 23:53:00	815.10000000	817.12000000	814.75000000	816.65000000	59	31	0
2026.08.29 23:54:00	816.80000000	818.54000000	816.76000000	817.91000000	56	31	0
2026.08.29 23:55:00	817.78000000	818.41000000	816.72000000	817.61000000	60	31	0
2026.08.29 23:56:00	817.45000000	817.93000000	816.59000000	817.93000000	57	31	0
2026.08.29 23:57:00	818.22000000	819.48000000	818.02000000	818.42000000	58	31	0
2026.08.29 23:58:00	818.58000000	818.67000000	816.66000000	816.98000000	60	31	0
2026.08.29 23:59:00	816.76000000	818.77000000	816.50000000	818.59000000	57	31	0
2026.08.30 00:00:00	818.46000000	820.89000000	818.46000000	820.76000000	58	31	0
2026.08.30 00:01:00	820.53000000	822.35000000	820.00000000	821.70000000	58	31	0
2026.08.30 00:02:00	821.77000000	822.57000000	821.46000000	821.75000000	60	31	0
2026.08.30 00:03:00	822.10000000	822.10000000	818.57000000	818.61000000	59	31	0
2026.08.30 00:04:00	818.35000000	818.66000000	816.98000000	817.99000000	60	31	0
2026.08.30 00:05:00	817.79000000	818.64000000	816.55000000	816.74000000	58	31	0
2026.08.30 00:06:00	816.68000000	816.68000000	814.78000000	814.78000000	60	31	0
2026.08.30 00:07:00	814.92000000	815.14000000	814.08000000	814.37000000	56	31	0
2026.08.30 00:08:00	814.11000000	814.58000000	813.60000000	814.13000000	59	31	0
2026.08.30 00:09:00	814.02000000	814.46000000	813.11000000	813.22000000	59	31	0
2026.08.30 00:10:00	812.82000000	812.93000000	811.64000000	811.77000000	58	31	0
2026.08.30 00:11:00	811.72000000	811.88000000	810.53000000	811.25000000	56	31	0
2026.08.30 00:12:00	811.43000000	811.43000000	809.63000000	810.37000000	58	31	0
2026.08.30 00:13:00	810.42000000	811.18000000	809.38000000	809.55000000	58	31	0
2026.08.30 00:14:00	809.52000000	810.02000000	808.74000000	809.75000000	58	31	0
2026.08.30 00:15:00	809.78000000	810.00000000	808.67000000	809.56000000	57	31	0
2026.08.30 00:16:00	809.58000000	810.09000000	808.82000000	808.82000000	57	31	0
2026.08.30 00:17:00	808.69000000	811.01000000	808.69000000	810.50000000	58	31	0
2026.08.30 00:18:00	810.25000000	810.54000000	808.76000000	810.30000000	59	31	0
2026.08.30 00:19:00	810.31000000	810.44000000	809.30000000	809.82000000	59	31	0
2026.08.30 00:20:00	809.68000000	811.36000000	809.60000000	810.84000000	57	31	0
2026.08.30 00:21:00	810.96000000	811.19000000	809.57000000	809.83000000	60	31	0
2026.08.30 00:22:00	809.78000000	810.27000000	808.45000000	808.50000000	59	31	0
2026.08.30 00:23:00	808.33000000	809.11000000	808.21000000	808.45000000	58	31	0
2026.08.30 00:24:00	808.64000000	808.69000000	807.33000000	807.73000000	59	31	0
2026.08.30 00:25:00	807.80000000	808.93000000	806.73000000	808.93000000	58	31	0
2026.08.30 00:26:00	808.70000000	810.08000000	808.18000000	809.71000000	60	31	0
2026.08.30 00:27:00	809.82000000	811.34000000	809.75000000	810.38000000	59	31	0
2026.08.30 00:28:00	810.60000000	811.09000000	809.37000000	809.38000000	60	31	0
2026.08.30 00:29:00	809.33000000	810.17000000	807.73000000	807.73000000	58	31	0
2026.08.30 00:30:00	807.59000000	808.09000000	806.69000000	806.82000000	59	31	0
2026.08.30 00:31:00	806.81000000	807.41000000	806.31000000	806.66000000	60	31	0
2026.08.30 00:32:00	806.76000000	806.99000000	805.47000000	805.69000000	57	31	0
2026.08.30 00:33:00	805.67000000	806.55000000	805.21000000	806.24000000	58	31	0
2026.08.30 00:34:00	806.07000000	807.53000000	805.75000000	806.26000000	58	31	0
2026.08.30 00:35:00	806.31000000	806.45000000	804.80000000	805.93000000	59	31	0
2026.08.30 00:36:00	806.30000000	806.76000000	805.41000000	805.90000000	59	31	0
2026.08.30 00:37:00	805.79000000	807.33000000	805.79000000	806.16000000	54	31	0
2026.08.30 00:38:00	806.11000000	807.95000000	806.11000000	807.69000000	56	31	0
2026.08.30 00:39:00	807.64000000	808.57000000	807.36000000	807.36000000	57	31	0
2026.08.30 00:40:00	807.40000000	807.40000000	804.72000000	804.73000000	58	31	0
2026.08.30 00:41:00	804.90000000	805.02000000	803.82000000	804.48000000	59	31	0
2026.08.30 00:42:00	804.47000000	805.88000000	803.87000000	805.48000000	58	31	0
2026.08.30 00:43:00	805.48000000	806.78000000	805.48000000	806.64000000	60	31	0
2026.08.30 00:44:00	806.61000000	807.20000000	805.67000000	806.24000000	57	31	0
2026.08.30 00:45:00	806.06000000	806.81000000	805.55000000	805.82000000	59	31	0
2026.08.30 00:46:00	805.42000000	806.06000000	805.14000000	805.52000000	57	31	0
2026.08.30 00:47:00	805.39000000	806.09000000	805.39000000	806.03000000	58	31	0
2026.08.30 00:48:00	805.96000000	807.92000000	805.96000000	807.92000000	59	31	0
2026.08.30 00:49:00	807.96000000	810.11000000	807.88000000	808.95000000	59	31	0
2026.08.30 00:50:00	809.04000000	810.85000000	808.74000000	810.85000000	59	31	0
2026.08.30 00:51:00	811.02000000	811.73000000	810.74000000	811.46000000	59	31	0
2026.08.30 00:52:00	811.50000000	811.50000000	810.28000000	811.32000000	57	31	0
2026.08.30 00:53:00	811.35000000	811.68000000	810.54000000	810.98000000	59	31	0
2026.08.30 00:54:00	810.89000000	811.60000000	810.81000000	810.81000000	58	31	0
2026.08.30 00:55:00	810.71000000	811.56000000	809.61000000	810.06000000	59	31	0
2026.08.30 00:56:00	810.26000000	810.26000000	808.61000000	808.80000000	59	31	0
2026.08.30 00:57:00	808.92000000	808.92000000	807.59000000	807.59000000	59	31	0
2026.08.30 00:58:00	807.53000000	808.20000000	806.84000000	807.97000000	59	31	0
2026.08.30 00:59:00	808.02000000	809.42000000	807.58000000	808.77000000	59	31	0
2026.08.30 01:00:00	808.75000000	809.96000000	808.36000000	809.29000000	59	31	0
2026.08.30 01:01:00	809.43000000	809.49000000	808.20000000	808.77000000	59	31	0
2026.08.30 01:02:00	808.76000000	810.68000000	808.45000000	810.42000000	59	31	0
2026.08.30 01:03:00	810.52000000	812.08000000	810.51000000	812.08000000	60	31	0
2026.08.30 01:04:00	812.36000000	814.10000000	812.36000000	812.79000000	58	31	0
2026.08.30 01:05:00	812.85000000	813.09000000	811.84000000	812.55000000	57	31	0
2026.08.30 01:06:00	812.25000000	812.32000000	811.42000000	811.52000000	60	31	0
2026.08.30 01:07:00	811.37000000	811.37000000	809.59000000	809.59000000	60	31	0
2026.08.30 01:08:00	809.25000000	809.64000000	808.29000000	809.10000000	58	31	0
2026.08.30 01:09:00	809.21000000	809.21000000	807.96000000	808.31000000	58	31	0
2026.08.30 01:10:00	808.35000000	808.48000000	807.80000000	807.99000000	57	31	0
2026.08.30 01:11:00	808.20000000	809.10000000	808.17000000	808.89000000	57	31	0
2026.08.30 01:12:00	808.83000000	809.25000000	808.16000000	808.66000000	58	31	0
2026.08.30 01:13:00	808.76000000	810.20000000	808.33000000	809.74000000	59	31	0
2026.08.30 01:14:00	809.67000000	810.11000000	808.79000000	808.90000000	56	31	0
2026.08.30 01:15:00	808.71000000	809.13000000	807.61000000	808.43000000	59	31	0
2026.08.30 01:16:00	808.55000000	808.59000000	806.58000000	807.56000000	58	31	0
2026.08.30 01:17:00	807.48000000	807.51000000	804.67000000	805.24000000	58	31	0
